Project,Sentiment,Word Count,Sentence Count,Sentiment,Topics,Keywords
NLP-PROJECT,-0.3017566643882433,1152,130,-0.3017566643882433,{},"{'Python': ['self', 'return', 'def', 'print', 'write']}"
NLP-PROJECT,-0.4285714285714285,620,135,-0.4285714285714285,{},"{'Python': ['async', 'await', 'return', 'def', 'import']}"
NLP-PROJECT,-0.2038069422931807,1627,87,-0.2038069422931807,{},"{'Python': ['class', 'try', 'return', 'type']}"
NLP-PROJECT,-0.2333333333333333,222,27,-0.2333333333333333,{},"{'Python': ['print', 'import', 'await']}"
NLP-PROJECT,0.2299999999999999,135,32,0.2299999999999999,{},"{'Python': ['return', 'print', 'def']}"
NLP-PROJECT,0.1345850690190312,964,93,0.1345850690190312,{},"{'Python': ['import', 'return', 'nltk', 'filter', 'def']}"
ocr-expense-tracker,-0.3833333333333333,77,12,-0.3833333333333333,{},"{'TypeScript': ['const', 'express'], 'JavaScript': ['const', 'express', 'return']}"
ocr-expense-tracker,-0.5,44,7,-0.5,{},"{'TypeScript': ['const', 'module', 'await'], 'JavaScript': ['const', 'try', 'catch']}"
ocr-expense-tracker,-0.75,44,13,-0.75,{},"{'TypeScript': ['const', 'express', 'module'], 'JavaScript': ['const', 'return', 'express']}"
ocr-expense-tracker,0.0,178,34,0.0,{},"{'TypeScript': ['const', 'await', 'async'], 'JavaScript': ['const', 'return', 'try', 'catch']}"
ocr-expense-tracker,0.0,185,49,0.0,{},"{'TypeScript': ['const', 'await', 'async'], 'JavaScript': ['const', 'try', 'catch']}"
ocr-expense-tracker,0.0,183,49,0.0,{},"{'TypeScript': ['const', 'await', 'async'], 'JavaScript': ['const', 'try', 'catch']}"
ocr-expense-tracker,0.0,145,42,0.0,{},"{'TypeScript': ['const', 'await', 'async'], 'JavaScript': ['const', 'try', 'catch']}"
ocr-expense-tracker,0.0,37,7,0.0,{},"{'TypeScript': ['const', 'express'], 'JavaScript': ['const', 'express', 'catch']}"
ocr-expense-tracker,0.0,58,10,0.0,{},"{'TypeScript': ['const', 'module'], 'JavaScript': ['const', 'return']}"
ocr-expense-tracker,-0.3527272727272727,31,4,-0.3527272727272727,{},"{'TypeScript': ['const', 'type', 'module'], 'JavaScript': ['const', 'new', 'default']}"
ocr-expense-tracker,-0.3094696969696969,55,7,-0.3094696969696969,{},"{'TypeScript': ['type', 'const', 'module'], 'JavaScript': ['const', 'new']}"
ocr-expense-tracker,-0.2009090909090908,82,7,-0.2009090909090908,{},"{'TypeScript': ['type', 'const'], 'JavaScript': ['const', 'new']}"
ocr-expense-tracker,-0.3024147727272727,114,9,-0.3024147727272727,{},"{'TypeScript': ['type', 'const', 'function'], 'JavaScript': ['const', 'default', 'function', 'return']}"
ocr-expense-tracker,-0.5208333333333334,54,22,-0.5208333333333334,{},"{'TypeScript': ['express'], 'JavaScript': ['express']}"
ocr-expense-tracker,0.0,26,11,0.0,{},"{'TypeScript': ['const', 'module', 'express'], 'JavaScript': ['const', 'express']}"
ocr-expense-tracker,0.1363636363636363,56,17,0.1363636363636363,{},"{'TypeScript': ['const', 'module', 'express'], 'JavaScript': ['const', 'new', 'express']}"
ocr-expense-tracker,0.0,33,17,0.0,{},"{'TypeScript': ['const', 'module', 'express'], 'JavaScript': ['const', 'express']}"
ocr-expense-tracker,0.0,31,14,0.0,{},"{'TypeScript': ['const', 'express', 'module'], 'JavaScript': ['const', 'express']}"
ocr-expense-tracker,0.3715909090909091,194,20,0.3715909090909091,{},"{'TypeScript': ['const', 'await', 'async'], 'JavaScript': ['const', 'return']}"
ocr-expense-tracker,0.2075757575757575,77,8,0.2075757575757575,{},"{'TypeScript': ['const', 'async', 'await', 'module'], 'JavaScript': ['const', 'return', 'new']}"
ocr-expense-tracker,0.2075757575757575,77,8,0.2075757575757575,{},"{'TypeScript': ['const', 'async', 'await', 'module'], 'JavaScript': ['const', 'return', 'new']}"
ocr-expense-tracker,0.1777892561983471,127,11,0.1777892561983471,{},"{'TypeScript': ['const', 'await', 'async'], 'JavaScript': ['const', 'new', 'return', 'throw']}"
ocr-expense-tracker,0.0,34,4,0.0,{},"{'TypeScript': ['await', 'function', 'const', 'async', 'module'], 'JavaScript': ['return', 'function', 'const']}"
ocr-expense-tracker,-0.2193181818181818,111,15,-0.2193181818181818,{},"{'TypeScript': ['const', 'await'], 'JavaScript': ['const', 'return']}"
ocr-expense-tracker,-1.0,63,2,-1.0,{},"{'TypeScript': ['const', 'module'], 'JavaScript': ['return', 'const']}"
ocr-expense-tracker,0.0,9,3,0.0,{},"{'TypeScript': ['module', 'const'], 'JavaScript': ['const']}"
ocr-expense-tracker,-0.6125,61,16,-0.6125,{},"{'TypeScript': ['import', 'react', 'export', 'extends'], 'JavaScript': ['import', 'react', 'export', 'extends']}"
ocr-expense-tracker,0.0,30,3,0.0,{},"{'TypeScript': ['type', 'module']}"
ocr-expense-tracker,-0.38,77,48,-0.38,{},"{'TypeScript': ['react', 'type', 'module'], 'JavaScript': ['react', 'tailwindcss']}"
ocr-expense-tracker,-0.75,11,0,-0.75,{},"{'TypeScript': ['export'], 'JavaScript': ['tailwindcss', 'export', 'default']}"
ocr-expense-tracker,-0.6180555555555556,109,10,-0.6180555555555556,{},"{'TypeScript': ['react', 'import', 'const'], 'JavaScript': ['react', 'import', 'const', 'axios', 'return']}"
ocr-expense-tracker,-0.3611111111111111,186,8,-0.3611111111111111,{},"{'TypeScript': ['react', 'import'], 'JavaScript': ['react', 'import']}"
ocr-expense-tracker,-0.75,29,3,-0.75,{},"{'TypeScript': ['react', 'import', 'export', 'const'], 'JavaScript': ['return', 'react', 'import', 'default', 'export', 'const']}"
ocr-expense-tracker,-0.2249999999999999,101,2,-0.2249999999999999,{},"{'TypeScript': ['react', 'type', 'import'], 'JavaScript': ['react', 'import']}"
ocr-expense-tracker,-0.2391666666666667,547,73,-0.2391666666666667,{},"{'TypeScript': ['const', 'type', 'import'], 'JavaScript': ['const', 'usestate', 'import']}"
ocr-expense-tracker,-0.1249999999999999,374,50,-0.1249999999999999,{},"{'TypeScript': ['const', 'type', 'react', 'import'], 'JavaScript': ['const', 'react', 'import']}"
ocr-expense-tracker,-0.2385416666666666,423,60,-0.2385416666666666,{},"{'TypeScript': ['const', 'type', 'react', 'import'], 'JavaScript': ['const', 'react', 'import']}"
ocr-expense-tracker,-0.2792566287878788,575,69,-0.2792566287878788,{},"{'TypeScript': ['const', 'import', 'react', 'type'], 'JavaScript': ['const', 'usestate', 'import', 'react', 'return']}"
ocr-expense-tracker,-0.1063311688311688,404,52,-0.1063311688311688,{},"{'TypeScript': ['const', 'type', 'import', 'react'], 'JavaScript': ['const', 'import', 'react']}"
ocr-expense-tracker,-0.1726515151515152,496,66,-0.1726515151515152,{},"{'TypeScript': ['const', 'type'], 'JavaScript': ['const']}"
ocr-expense-tracker,-0.2425899621212121,514,62,-0.2425899621212121,{},"{'TypeScript': ['const', 'import', 'react', 'type'], 'JavaScript': ['const', 'import', 'usestate', 'react', 'return']}"
ocr-expense-tracker,0.0,13,0,0.0,{},"{'TypeScript': ['interface', 'export'], 'JavaScript': ['export', 'default']}"
ocr-expense-tracker,0.0,13,0,0.0,{},"{'TypeScript': ['interface', 'export'], 'JavaScript': ['export', 'default']}"
ocr-expense-tracker,0.0,21,0,0.0,{},"{'TypeScript': ['interface', 'export'], 'JavaScript': ['export', 'default']}"
ocr-expense-tracker,0.0,19,0,0.0,{},"{'TypeScript': ['interface', 'export'], 'JavaScript': ['export', 'default']}"
ocr-expense-tracker,0.0,44,0,0.0,{},"{'TypeScript': ['interface', 'export'], 'JavaScript': ['export', 'default']}"
ocr-expense-tracker,0.0,46,0,0.0,{},"{'TypeScript': ['interface', 'export'], 'JavaScript': ['export', 'default']}"
ocr-expense-tracker,-0.75,69,4,-0.75,{},"{'TypeScript': ['react', 'import', 'const', 'export'], 'JavaScript': ['react', 'import', 'const', 'return', 'useeffect', 'usestate', 'export']}"
ocr-expense-tracker,-0.75,69,4,-0.75,{},"{'TypeScript': ['react', 'const', 'import', 'export'], 'JavaScript': ['react', 'const', 'import', 'useeffect', 'return', 'usestate', 'export', 'default']}"
ocr-expense-tracker,-0.75,39,3,-0.75,{},"{'TypeScript': ['react', 'import', 'export', 'const'], 'JavaScript': ['react', 'import', 'return', 'export', 'default', 'const']}"
ocr-expense-tracker,-0.8125,151,15,-0.8125,{},"{'TypeScript': ['import', 'react'], 'JavaScript': ['import', 'react']}"
ocr-expense-tracker,-0.2321428571428571,463,30,-0.2321428571428571,{},"{'TypeScript': ['const'], 'JavaScript': ['const', 'usestate']}"
ocr-expense-tracker,-0.1020089285714286,431,34,-0.1020089285714286,{},"{'TypeScript': ['const', 'type', 'react', 'import'], 'JavaScript': ['const', 'react', 'import', 'usestate']}"
ocr-expense-tracker,-0.46875,66,2,-0.46875,{},"{'TypeScript': ['react', 'import'], 'JavaScript': ['react', 'import', 'return']}"
ocr-expense-tracker,-0.1875,72,4,-0.1875,{},"{'TypeScript': ['react', 'import'], 'JavaScript': ['react', 'import', 'return']}"
ocr-expense-tracker,-0.0620535714285714,401,36,-0.0620535714285714,{},"{'TypeScript': ['const', 'type', 'react', 'import'], 'JavaScript': ['const', 'react', 'import']}"
ocr-expense-tracker,-0.1027915019762846,747,84,-0.1027915019762846,{},"{'TypeScript': ['const', 'type'], 'JavaScript': ['const']}"
ocr-expense-tracker,-0.75,164,11,-0.75,{},"{'TypeScript': ['const', 'import', 'react'], 'JavaScript': ['const', 'usestate', 'import', 'react']}"
ocr-expense-tracker,-0.4545454545454546,166,11,-0.4545454545454546,{},"{'TypeScript': ['const', 'import', 'react'], 'JavaScript': ['const', 'usestate', 'import', 'react']}"
ocr-expense-tracker,-0.75,23,7,-0.75,{},"{'TypeScript': ['type', 'react', 'import', 'export', 'const'], 'JavaScript': ['tailwindcss', 'react', 'import', 'export', 'default', 'const']}"
ocr-expense-tracker,0.075,46,1,0.075,{},"{'TypeScript': ['react', 'module'], 'JavaScript': ['react']}"
ocr-expense-tracker,0.0499999999999999,40,2,0.0499999999999999,{},{'TypeScript': ['module']}
ocr-expense-tracker,-0.75,18,1,-0.75,{},"{'TypeScript': ['react', 'import', 'export'], 'JavaScript': ['react', 'import', 'export', 'default']}"
Online-Quiz-Platform,0.0834999999999999,500,1,0.0834999999999999,"({'Topic': 'Topic 1', 'Relevant Words': ['ajax']}, {'Topic': 'Topic 2', 'Relevant Words': ['ajax']}, {'Topic': 'Topic 3', 'Relevant Words': ['html', 'css']})",{'JavaScript': ['default']}
Online-Quiz-Platform,0.1285432103683637,3450,69,0.1285432103683637,"({'Topic': 'Topic 1', 'Relevant Words': ['ajax']}, {'Topic': 'Topic 2', 'Relevant Words': ['ajax']}, {'Topic': 'Topic 3', 'Relevant Words': ['html', 'css']})",{}
Online-Quiz-Platform,0.0,240,84,0.0,"({'Topic': 'Topic 1', 'Relevant Words': ['ajax']}, {'Topic': 'Topic 2', 'Relevant Words': ['ajax']}, {'Topic': 'Topic 3', 'Relevant Words': ['html', 'css']})",{}
Online-Quiz-Platform,-0.315625,235,38,-0.315625,"({'Topic': 'Topic 1', 'Relevant Words': ['ajax']}, {'Topic': 'Topic 2', 'Relevant Words': ['ajax']}, {'Topic': 'Topic 3', 'Relevant Words': ['html', 'css']})","{'JavaScript': ['var', 'function'], 'PHP': ['function']}"
Online-Quiz-Platform,0.1340909090909091,195,10,0.1340909090909091,"({'Topic': 'Topic 1', 'Relevant Words': ['ajax']}, {'Topic': 'Topic 2', 'Relevant Words': ['ajax']}, {'Topic': 'Topic 3', 'Relevant Words': ['html', 'css']})",{'PHP': ['isset']}
Online-Quiz-Platform,0.01,145,17,0.01,"({'Topic': 'Topic 1', 'Relevant Words': ['ajax']}, {'Topic': 'Topic 2', 'Relevant Words': ['ajax']}, {'Topic': 'Topic 3', 'Relevant Words': ['html', 'css']})","{'JavaScript': ['function'], 'PHP': ['isset', 'echo', 'function', 'require']}"
Online-Quiz-Platform,0.0945574702131285,29649,1455,0.0945574702131285,"({'Topic': 'Topic 1', 'Relevant Words': ['ajax']}, {'Topic': 'Topic 2', 'Relevant Words': ['ajax']}, {'Topic': 'Topic 3', 'Relevant Words': ['html', 'css']})",{'JavaScript': ['new']}
Online-Quiz-Platform,0.1404491341991343,951,95,0.1404491341991343,"({'Topic': 'Topic 1', 'Relevant Words': ['ajax']}, {'Topic': 'Topic 2', 'Relevant Words': ['ajax']}, {'Topic': 'Topic 3', 'Relevant Words': ['html', 'css']})",{'JavaScript': ['var']}
Online-Quiz-Platform,0.5086263020833333,390,72,0.5086263020833333,"({'Topic': 'Topic 1', 'Relevant Words': ['ajax']}, {'Topic': 'Topic 2', 'Relevant Words': ['ajax']}, {'Topic': 'Topic 3', 'Relevant Words': ['html', 'css']})","{'JavaScript': ['class'], 'PHP': ['class']}"
Online-Quiz-Platform,-0.1979166666666666,475,163,-0.1979166666666666,"({'Topic': 'Topic 1', 'Relevant Words': ['ajax']}, {'Topic': 'Topic 2', 'Relevant Words': ['ajax']}, {'Topic': 'Topic 3', 'Relevant Words': ['html', 'css']})","{'JavaScript': ['function', 'import'], 'PHP': ['function']}"
Online-Quiz-Platform,-0.75,151,39,-0.75,"({'Topic': 'Topic 1', 'Relevant Words': ['ajax']}, {'Topic': 'Topic 2', 'Relevant Words': ['ajax']}, {'Topic': 'Topic 3', 'Relevant Words': ['html', 'css']})","{'JavaScript': ['function', 'var', 'return'], 'PHP': ['function']}"
Online-Quiz-Platform,-0.5439244663382595,402,14,-0.5439244663382595,"({'Topic': 'Topic 1', 'Relevant Words': ['ajax']}, {'Topic': 'Topic 2', 'Relevant Words': ['ajax']}, {'Topic': 'Topic 3', 'Relevant Words': ['html', 'css']})","{'JavaScript': ['export', 'const']}"
Online-Quiz-Platform,-0.2420454545454545,597,118,-0.2420454545454545,"({'Topic': 'Topic 1', 'Relevant Words': ['ajax']}, {'Topic': 'Topic 2', 'Relevant Words': ['ajax']}, {'Topic': 'Topic 3', 'Relevant Words': ['html', 'css']})","{'JavaScript': ['const', 'function'], 'PHP': ['function']}"
Online-Quiz-Platform,-0.457070707070707,323,56,-0.457070707070707,"({'Topic': 'Topic 1', 'Relevant Words': ['ajax']}, {'Topic': 'Topic 2', 'Relevant Words': ['ajax']}, {'Topic': 'Topic 3', 'Relevant Words': ['html', 'css']})","{'JavaScript': ['const', 'export', 'let']}"
Online-Quiz-Platform,-0.1791666666666666,285,56,-0.1791666666666666,"({'Topic': 'Topic 1', 'Relevant Words': ['ajax']}, {'Topic': 'Topic 2', 'Relevant Words': ['ajax']}, {'Topic': 'Topic 3', 'Relevant Words': ['html', 'css']})","{'JavaScript': ['const', 'class'], 'PHP': ['class']}"
Online-Quiz-Platform,-0.3185185185185185,297,64,-0.3185185185185185,"({'Topic': 'Topic 1', 'Relevant Words': ['ajax']}, {'Topic': 'Topic 2', 'Relevant Words': ['ajax']}, {'Topic': 'Topic 3', 'Relevant Words': ['html', 'css']})","{'JavaScript': ['const', 'case', 'export', 'function'], 'PHP': ['function']}"
Online-Quiz-Platform,-0.1012152777777777,607,161,-0.1012152777777777,"({'Topic': 'Topic 1', 'Relevant Words': ['ajax']}, {'Topic': 'Topic 2', 'Relevant Words': ['ajax']}, {'Topic': 'Topic 3', 'Relevant Words': ['html', 'css']})","{'JavaScript': ['const', 'function'], 'PHP': ['foreach', 'function']}"
Online-Quiz-Platform,-0.3409090909090909,257,66,-0.3409090909090909,"({'Topic': 'Topic 1', 'Relevant Words': ['ajax']}, {'Topic': 'Topic 2', 'Relevant Words': ['ajax']}, {'Topic': 'Topic 3', 'Relevant Words': ['html', 'css']})","{'JavaScript': ['class', 'const', 'function'], 'PHP': ['class', 'function', 'foreach']}"
Online-Quiz-Platform,-0.1818181818181818,965,222,-0.1818181818181818,"({'Topic': 'Topic 1', 'Relevant Words': ['ajax']}, {'Topic': 'Topic 2', 'Relevant Words': ['ajax']}, {'Topic': 'Topic 3', 'Relevant Words': ['html', 'css']})","{'JavaScript': ['const', 'class', 'function'], 'PHP': ['class', 'function', 'foreach']}"
Online-Quiz-Platform,-0.1708333333333333,917,159,-0.1708333333333333,"({'Topic': 'Topic 1', 'Relevant Words': ['ajax']}, {'Topic': 'Topic 2', 'Relevant Words': ['ajax']}, {'Topic': 'Topic 3', 'Relevant Words': ['html', 'css']})","{'JavaScript': ['const', 'let', 'function', 'class'], 'PHP': ['foreach', 'function', 'class']}"
Online-Quiz-Platform,-0.0565051020408163,309,84,-0.0565051020408163,"({'Topic': 'Topic 1', 'Relevant Words': ['ajax']}, {'Topic': 'Topic 2', 'Relevant Words': ['ajax']}, {'Topic': 'Topic 3', 'Relevant Words': ['html', 'css']})","{'JavaScript': ['const', 'function', 'class'], 'PHP': ['foreach', 'function', 'class']}"
Online-Quiz-Platform,-0.14,300,66,-0.14,"({'Topic': 'Topic 1', 'Relevant Words': ['ajax']}, {'Topic': 'Topic 2', 'Relevant Words': ['ajax']}, {'Topic': 'Topic 3', 'Relevant Words': ['html', 'css']})","{'JavaScript': ['const', 'class', 'function', 'export'], 'PHP': ['class', 'function']}"
Online-Quiz-Platform,0.0080882352941176,492,136,0.0080882352941176,"({'Topic': 'Topic 1', 'Relevant Words': ['ajax']}, {'Topic': 'Topic 2', 'Relevant Words': ['ajax']}, {'Topic': 'Topic 3', 'Relevant Words': ['html', 'css']})","{'JavaScript': ['function', 'const'], 'PHP': ['function', 'foreach']}"
Online-Quiz-Platform,-0.1212121212121212,152,19,-0.1212121212121212,"({'Topic': 'Topic 1', 'Relevant Words': ['ajax']}, {'Topic': 'Topic 2', 'Relevant Words': ['ajax']}, {'Topic': 'Topic 3', 'Relevant Words': ['html', 'css']})",{}
Online-Quiz-Platform,0.0802380952380952,553,59,0.0802380952380952,"({'Topic': 'Topic 1', 'Relevant Words': ['ajax']}, {'Topic': 'Topic 2', 'Relevant Words': ['ajax']}, {'Topic': 'Topic 3', 'Relevant Words': ['html', 'css']})",{'JavaScript': ['var']}
Online-Quiz-Platform,-0.1104166666666666,197,27,-0.1104166666666666,"({'Topic': 'Topic 1', 'Relevant Words': ['ajax']}, {'Topic': 'Topic 2', 'Relevant Words': ['ajax']}, {'Topic': 'Topic 3', 'Relevant Words': ['html', 'css']})",{'JavaScript': ['var']}
Online-Quiz-Platform,0.0526695526695526,338,14,0.0526695526695526,"({'Topic': 'Topic 1', 'Relevant Words': ['ajax']}, {'Topic': 'Topic 2', 'Relevant Words': ['ajax']}, {'Topic': 'Topic 3', 'Relevant Words': ['html', 'css']})",{'JavaScript': ['var']}
Online-Quiz-Platform,-0.0559907834101382,385,35,-0.0559907834101382,"({'Topic': 'Topic 1', 'Relevant Words': ['ajax']}, {'Topic': 'Topic 2', 'Relevant Words': ['ajax']}, {'Topic': 'Topic 3', 'Relevant Words': ['html', 'css']})",{'JavaScript': ['var']}
Online-Quiz-Platform,-0.01007326007326,170,20,-0.01007326007326,"({'Topic': 'Topic 1', 'Relevant Words': ['ajax']}, {'Topic': 'Topic 2', 'Relevant Words': ['ajax']}, {'Topic': 'Topic 3', 'Relevant Words': ['html', 'css']})",{'JavaScript': ['var']}
Online-Quiz-Platform,-0.0240196078431372,256,23,-0.0240196078431372,"({'Topic': 'Topic 1', 'Relevant Words': ['ajax']}, {'Topic': 'Topic 2', 'Relevant Words': ['ajax']}, {'Topic': 'Topic 3', 'Relevant Words': ['html', 'css']})",{'JavaScript': ['var']}
Online-Quiz-Platform,-0.0447004608294931,553,55,-0.0447004608294931,"({'Topic': 'Topic 1', 'Relevant Words': ['ajax']}, {'Topic': 'Topic 2', 'Relevant Words': ['ajax']}, {'Topic': 'Topic 3', 'Relevant Words': ['html', 'css']})",{'JavaScript': ['var']}
Online-Quiz-Platform,0.0033333333333333,101,12,0.0033333333333333,"({'Topic': 'Topic 1', 'Relevant Words': ['ajax']}, {'Topic': 'Topic 2', 'Relevant Words': ['ajax']}, {'Topic': 'Topic 3', 'Relevant Words': ['html', 'css']})",{'JavaScript': ['var']}
Online-Quiz-Platform,-0.0830200501253132,370,37,-0.0830200501253132,"({'Topic': 'Topic 1', 'Relevant Words': ['ajax']}, {'Topic': 'Topic 2', 'Relevant Words': ['ajax']}, {'Topic': 'Topic 3', 'Relevant Words': ['html', 'css']})",{'JavaScript': ['var']}
Online-Quiz-Platform,-0.0284285714285714,341,39,-0.0284285714285714,"({'Topic': 'Topic 1', 'Relevant Words': ['ajax']}, {'Topic': 'Topic 2', 'Relevant Words': ['ajax']}, {'Topic': 'Topic 3', 'Relevant Words': ['html', 'css']})",{'JavaScript': ['var']}
Online-Quiz-Platform,-0.1,33,12,-0.1,"({'Topic': 'Topic 1', 'Relevant Words': ['ajax']}, {'Topic': 'Topic 2', 'Relevant Words': ['ajax']}, {'Topic': 'Topic 3', 'Relevant Words': ['html', 'css']})","{'JavaScript': ['class', 'return'], 'PHP': ['class']}"
Online-Quiz-Platform,-0.75,11,4,-0.75,"({'Topic': 'Topic 1', 'Relevant Words': ['ajax']}, {'Topic': 'Topic 2', 'Relevant Words': ['ajax']}, {'Topic': 'Topic 3', 'Relevant Words': ['html', 'css']})",{'JavaScript': ['const']}
Online-Quiz-Platform,-0.0034090909090909,148,17,-0.0034090909090909,"({'Topic': 'Topic 1', 'Relevant Words': ['ajax']}, {'Topic': 'Topic 2', 'Relevant Words': ['ajax']}, {'Topic': 'Topic 3', 'Relevant Words': ['html', 'css']})","{'JavaScript': ['class', 'const'], 'PHP': ['class', 'foreach']}"
Online-Quiz-Platform,0.15,88,4,0.15,"({'Topic': 'Topic 1', 'Relevant Words': ['ajax']}, {'Topic': 'Topic 2', 'Relevant Words': ['ajax']}, {'Topic': 'Topic 3', 'Relevant Words': ['html', 'css']})","{'JavaScript': ['class'], 'PHP': ['class']}"
Online-Quiz-Platform,0.05,150,16,0.05,"({'Topic': 'Topic 1', 'Relevant Words': ['ajax']}, {'Topic': 'Topic 2', 'Relevant Words': ['ajax']}, {'Topic': 'Topic 3', 'Relevant Words': ['html', 'css']})","{'JavaScript': ['class'], 'PHP': ['class']}"
Online-Quiz-Platform,0.0,12,2,0.0,"({'Topic': 'Topic 1', 'Relevant Words': ['ajax']}, {'Topic': 'Topic 2', 'Relevant Words': ['ajax']}, {'Topic': 'Topic 3', 'Relevant Words': ['html', 'css']})",{'JavaScript': ['return']}
Online-Quiz-Platform,0.0375,18,0,0.0375,"({'Topic': 'Topic 1', 'Relevant Words': ['ajax']}, {'Topic': 'Topic 2', 'Relevant Words': ['ajax']}, {'Topic': 'Topic 3', 'Relevant Words': ['html', 'css']})","{'JavaScript': ['class'], 'PHP': ['class']}"
Online-Quiz-Platform,0.1704545454545454,120,1,0.1704545454545454,"({'Topic': 'Topic 1', 'Relevant Words': ['ajax']}, {'Topic': 'Topic 2', 'Relevant Words': ['ajax']}, {'Topic': 'Topic 3', 'Relevant Words': ['html', 'css']})","{'JavaScript': ['class', 'new'], 'PHP': ['class']}"
Online-Quiz-Platform,-0.23125,235,20,-0.23125,"({'Topic': 'Topic 1', 'Relevant Words': ['ajax']}, {'Topic': 'Topic 2', 'Relevant Words': ['ajax']}, {'Topic': 'Topic 3', 'Relevant Words': ['html', 'css']})","{'JavaScript': ['class'], 'PHP': ['class']}"
Online-Quiz-Platform,0.0,129,0,0.0,"({'Topic': 'Topic 1', 'Relevant Words': ['ajax']}, {'Topic': 'Topic 2', 'Relevant Words': ['ajax']}, {'Topic': 'Topic 3', 'Relevant Words': ['html', 'css']})","{'JavaScript': ['class'], 'PHP': ['class']}"
Online-Quiz-Platform,0.05,269,1,0.05,"({'Topic': 'Topic 1', 'Relevant Words': ['ajax']}, {'Topic': 'Topic 2', 'Relevant Words': ['ajax']}, {'Topic': 'Topic 3', 'Relevant Words': ['html', 'css']})","{'JavaScript': ['class'], 'PHP': ['class']}"
Online-Quiz-Platform,0.0116003787878787,286,1,0.0116003787878787,"({'Topic': 'Topic 1', 'Relevant Words': ['ajax']}, {'Topic': 'Topic 2', 'Relevant Words': ['ajax']}, {'Topic': 'Topic 3', 'Relevant Words': ['html', 'css']})","{'JavaScript': ['class'], 'PHP': ['class']}"
Online-Quiz-Platform,0.0,102,0,0.0,"({'Topic': 'Topic 1', 'Relevant Words': ['ajax']}, {'Topic': 'Topic 2', 'Relevant Words': ['ajax']}, {'Topic': 'Topic 3', 'Relevant Words': ['html', 'css']})","{'JavaScript': ['class'], 'PHP': ['class']}"
Online-Quiz-Platform,0.2625,314,1,0.2625,"({'Topic': 'Topic 1', 'Relevant Words': ['ajax']}, {'Topic': 'Topic 2', 'Relevant Words': ['ajax']}, {'Topic': 'Topic 3', 'Relevant Words': ['html', 'css']})","{'JavaScript': ['class'], 'PHP': ['class']}"
Online-Quiz-Platform,0.1833333333333333,175,3,0.1833333333333333,"({'Topic': 'Topic 1', 'Relevant Words': ['ajax']}, {'Topic': 'Topic 2', 'Relevant Words': ['ajax']}, {'Topic': 'Topic 3', 'Relevant Words': ['html', 'css']})","{'JavaScript': ['class'], 'PHP': ['class']}"
Online-Quiz-Platform,-0.0555555555555555,161,1,-0.0555555555555555,"({'Topic': 'Topic 1', 'Relevant Words': ['ajax']}, {'Topic': 'Topic 2', 'Relevant Words': ['ajax']}, {'Topic': 'Topic 3', 'Relevant Words': ['html', 'css']})","{'JavaScript': ['class'], 'PHP': ['class']}"
Online-Quiz-Platform,-0.75,11,4,-0.75,"({'Topic': 'Topic 1', 'Relevant Words': ['ajax']}, {'Topic': 'Topic 2', 'Relevant Words': ['ajax']}, {'Topic': 'Topic 3', 'Relevant Words': ['html', 'css']})",{'PHP': ['require']}
Online-Quiz-Platform,0.2589285714285714,89,3,0.2589285714285714,"({'Topic': 'Topic 1', 'Relevant Words': ['ajax']}, {'Topic': 'Topic 2', 'Relevant Words': ['ajax']}, {'Topic': 'Topic 3', 'Relevant Words': ['html', 'css']})","{'JavaScript': ['function', 'return', 'default'], 'PHP': ['static', 'function', 'public', 'isset']}"
Online-Quiz-Platform,-0.01,111,7,-0.01,"({'Topic': 'Topic 1', 'Relevant Words': ['ajax']}, {'Topic': 'Topic 2', 'Relevant Words': ['ajax']}, {'Topic': 'Topic 3', 'Relevant Words': ['html', 'css']})","{'JavaScript': ['return', 'function', 'class', 'try'], 'PHP': ['public', 'function', 'class']}"
Online-Quiz-Platform,0.034090909090909,107,9,0.034090909090909,"({'Topic': 'Topic 1', 'Relevant Words': ['ajax']}, {'Topic': 'Topic 2', 'Relevant Words': ['ajax']}, {'Topic': 'Topic 3', 'Relevant Words': ['html', 'css']})","{'JavaScript': ['function', 'return', 'try', 'throw'], 'PHP': ['function', 'protected', 'private', 'public']}"
Online-Quiz-Platform,0.0699999999999999,297,36,0.0699999999999999,"({'Topic': 'Topic 1', 'Relevant Words': ['ajax']}, {'Topic': 'Topic 2', 'Relevant Words': ['ajax']}, {'Topic': 'Topic 3', 'Relevant Words': ['html', 'css']})","{'JavaScript': ['function'], 'PHP': ['function', 'public']}"
Online-Quiz-Platform,-0.1230769230769231,308,20,-0.1230769230769231,"({'Topic': 'Topic 1', 'Relevant Words': ['ajax']}, {'Topic': 'Topic 2', 'Relevant Words': ['ajax']}, {'Topic': 'Topic 3', 'Relevant Words': ['html', 'css']})","{'JavaScript': ['function', 'return'], 'PHP': ['function', 'public']}"
Online-Quiz-Platform,-0.0083333333333333,288,21,-0.0083333333333333,"({'Topic': 'Topic 1', 'Relevant Words': ['ajax']}, {'Topic': 'Topic 2', 'Relevant Words': ['ajax']}, {'Topic': 'Topic 3', 'Relevant Words': ['html', 'css']})","{'JavaScript': ['return', 'function'], 'PHP': ['public', 'function']}"
Online-Quiz-Platform,0.0,51,7,0.0,"({'Topic': 'Topic 1', 'Relevant Words': ['ajax']}, {'Topic': 'Topic 2', 'Relevant Words': ['ajax']}, {'Topic': 'Topic 3', 'Relevant Words': ['html', 'css']})","{'JavaScript': ['function'], 'PHP': ['require', 'function']}"
Online-Quiz-Platform,0.25,46,4,0.25,"({'Topic': 'Topic 1', 'Relevant Words': ['ajax']}, {'Topic': 'Topic 2', 'Relevant Words': ['ajax']}, {'Topic': 'Topic 3', 'Relevant Words': ['html', 'css']})",{}
Online-Quiz-Platform,-0.1625,115,12,-0.1625,"({'Topic': 'Topic 1', 'Relevant Words': ['ajax']}, {'Topic': 'Topic 2', 'Relevant Words': ['ajax']}, {'Topic': 'Topic 3', 'Relevant Words': ['html', 'css']})",{}
Online-Quiz-Platform,-0.2,212,50,-0.2,"({'Topic': 'Topic 1', 'Relevant Words': ['ajax']}, {'Topic': 'Topic 2', 'Relevant Words': ['ajax']}, {'Topic': 'Topic 3', 'Relevant Words': ['html', 'css']})","{'JavaScript': ['var', 'function'], 'PHP': ['function']}"
Online-Quiz-Platform,-0.0639443069562205,17877,28162,-0.0639443069562205,"({'Topic': 'Topic 1', 'Relevant Words': ['ajax']}, {'Topic': 'Topic 2', 'Relevant Words': ['ajax']}, {'Topic': 'Topic 3', 'Relevant Words': ['html', 'css']})","{'JavaScript': ['function', 'return', 'var', 'default', 'new', 'throw'], 'PHP': ['function']}"
Online-Quiz-Platform,-0.0314817293588973,7294,8684,-0.0314817293588973,"({'Topic': 'Topic 1', 'Relevant Words': ['ajax']}, {'Topic': 'Topic 2', 'Relevant Words': ['ajax']}, {'Topic': 'Topic 3', 'Relevant Words': ['html', 'css']})","{'JavaScript': ['function', 'return', 'var', 'new', 'default', 'throw'], 'PHP': ['function']}"
Online-Quiz-Platform,0.030184331797235,4052,5995,0.030184331797235,"({'Topic': 'Topic 1', 'Relevant Words': ['ajax']}, {'Topic': 'Topic 2', 'Relevant Words': ['ajax']}, {'Topic': 'Topic 3', 'Relevant Words': ['html', 'css']})",{}
Online-Quiz-Platform,-0.0127893805066259,11748,12512,-0.0127893805066259,"({'Topic': 'Topic 1', 'Relevant Words': ['ajax']}, {'Topic': 'Topic 2', 'Relevant Words': ['ajax']}, {'Topic': 'Topic 3', 'Relevant Words': ['html', 'css']})","{'JavaScript': ['var', 'function', 'return', 'default'], 'PHP': ['function']}"
Online-Quiz-Platform,0.0,49,37,0.0,"({'Topic': 'Topic 1', 'Relevant Words': ['ajax']}, {'Topic': 'Topic 2', 'Relevant Words': ['ajax']}, {'Topic': 'Topic 3', 'Relevant Words': ['html', 'css']})",{'PHP': ['require']}
Online-Quiz-Platform,0.157206937799043,344,18,0.157206937799043,"({'Topic': 'Topic 1', 'Relevant Words': ['ajax']}, {'Topic': 'Topic 2', 'Relevant Words': ['ajax']}, {'Topic': 'Topic 3', 'Relevant Words': ['html', 'css']})","{'JavaScript': ['function'], 'PHP': ['function']}"
Online-Quiz-Platform,0.0357707509881422,292,15,0.0357707509881422,"({'Topic': 'Topic 1', 'Relevant Words': ['ajax']}, {'Topic': 'Topic 2', 'Relevant Words': ['ajax']}, {'Topic': 'Topic 3', 'Relevant Words': ['html', 'css']})","{'JavaScript': ['function', 'new'], 'PHP': ['function']}"
Online-Quiz-Platform,-0.005050505050505,270,12,-0.005050505050505,"({'Topic': 'Topic 1', 'Relevant Words': ['ajax']}, {'Topic': 'Topic 2', 'Relevant Words': ['ajax']}, {'Topic': 'Topic 3', 'Relevant Words': ['html', 'css']})","{'JavaScript': ['new', 'function'], 'PHP': ['function']}"
Online-Quiz-Platform,0.0493348115299334,583,18,0.0493348115299334,"({'Topic': 'Topic 1', 'Relevant Words': ['ajax']}, {'Topic': 'Topic 2', 'Relevant Words': ['ajax']}, {'Topic': 'Topic 3', 'Relevant Words': ['html', 'css']})","{'JavaScript': ['function'], 'PHP': ['function']}"
Online-Quiz-Platform,0.108080808080808,208,5,0.108080808080808,"({'Topic': 'Topic 1', 'Relevant Words': ['ajax']}, {'Topic': 'Topic 2', 'Relevant Words': ['ajax']}, {'Topic': 'Topic 3', 'Relevant Words': ['html', 'css']})","{'JavaScript': ['return', 'function', 'new', 'class'], 'PHP': ['public', 'function', 'class']}"
Online-Quiz-Platform,0.0227272727272727,43,5,0.0227272727272727,"({'Topic': 'Topic 1', 'Relevant Words': ['ajax']}, {'Topic': 'Topic 2', 'Relevant Words': ['ajax']}, {'Topic': 'Topic 3', 'Relevant Words': ['html', 'css']})","{'JavaScript': ['function', 'return', 'class', 'new'], 'PHP': ['public', 'function', 'class', 'private']}"
Online-Quiz-Platform,0.0194805194805194,48,5,0.0194805194805194,"({'Topic': 'Topic 1', 'Relevant Words': ['ajax']}, {'Topic': 'Topic 2', 'Relevant Words': ['ajax']}, {'Topic': 'Topic 3', 'Relevant Words': ['html', 'css']})","{'JavaScript': ['function', 'return', 'class', 'new'], 'PHP': ['public', 'function', 'class', 'private']}"
Online-Quiz-Platform,0.0136363636363636,71,5,0.0136363636363636,"({'Topic': 'Topic 1', 'Relevant Words': ['ajax']}, {'Topic': 'Topic 2', 'Relevant Words': ['ajax']}, {'Topic': 'Topic 3', 'Relevant Words': ['html', 'css']})","{'JavaScript': ['function', 'return', 'class', 'new'], 'PHP': ['public', 'function', 'class', 'private']}"
Online-Quiz-Platform,0.209090909090909,101,4,0.209090909090909,"({'Topic': 'Topic 1', 'Relevant Words': ['ajax']}, {'Topic': 'Topic 2', 'Relevant Words': ['ajax']}, {'Topic': 'Topic 3', 'Relevant Words': ['html', 'css']})","{'JavaScript': ['new', 'return', 'try']}"
Online-Quiz-Platform,0.0,2,0,0.0,"({'Topic': 'Topic 1', 'Relevant Words': ['ajax']}, {'Topic': 'Topic 2', 'Relevant Words': ['ajax']}, {'Topic': 'Topic 3', 'Relevant Words': ['html', 'css']})",{}
Shell-project,-0.75,25,0,-0.75,{},{'Makefile': ['gcc']}
Shell-project,-0.3625,42,2,-0.3625,{},"{'Makefile': ['build', 'make', 'gcc']}"
Shell-project,0.0,18,1,0.0,{},"{'C': ['null', 'void', 'int']}"
Shell-project,0.1125,321,46,0.1125,{},"{'C': ['printf', 'int', 'return', 'null', 'char', 'float']}"
Shell-project,0.25,12,0,0.25,{},"{'C': ['int', 'char']}"
Shell-project,-0.1143880208333333,965,45,-0.1143880208333333,{},"{'C': ['printf', 'strcmp']}"
Shell-project,0.25,5,0,0.25,{},"{'C': ['int', 'char']}"
Shell-project,0.0,182,5,0.0,{},"{'C': ['int', 'null', 'char', 'sizeof', 'fopen', 'printf', 'fclose', 'return', 'void']}"
Shell-project,0.25,9,0,0.25,{},"{'C': ['int', 'char', 'void']}"
Shell-project,0.2027777777777778,236,14,0.2027777777777778,{},"{'C': ['int', 'strcmp', 'return', 'char', 'printf', 'exit'], 'Makefile': ['run']}"
Shell-project,0.1666666666666666,8,0,0.1666666666666666,{},"{'C': ['int', 'char'], 'Makefile': ['run']}"
Shell-project,0.1051948051948051,399,13,0.1051948051948051,{},"{'C': ['int', 'char', 'return', 'printf', 'null', 'strlen']}"
Shell-project,0.25,22,3,0.25,{},"{'C': ['char', 'int', 'void']}"
SVVT-project,0.0,17,1,0.0,"{'Topic': 'Topic 3', 'Relevant Words': ['testing', 'github', 'page', 'accessibility']}",{}
SVVT-project,0.1055555555555555,55,1,0.1055555555555555,"{'Topic': 'Topic 3', 'Relevant Words': ['testing', 'github', 'page', 'accessibility']}",{'Java': ['class']}
SVVT-project,0.35,29,1,0.35,"{'Topic': 'Topic 3', 'Relevant Words': ['testing', 'github', 'page', 'accessibility']}",{'Java': ['default']}
SVVT-project,-0.1500000000000003,439,84,-0.1500000000000003,"{'Topic': 'Topic 3', 'Relevant Words': ['testing', 'github', 'page', 'accessibility']}","{'Java': ['default', 'class']}"
SVVT-project,0.0,13,1,0.0,"{'Topic': 'Topic 3', 'Relevant Words': ['testing', 'github', 'page', 'accessibility']}",{}
SVVT-project,0.0,41,48,0.0,"{'Topic': 'Topic 3', 'Relevant Words': ['testing', 'github', 'page', 'accessibility']}",{'Java': ['junit']}
SVVT-project,0.0084090909090908,116,59,0.0084090909090908,"{'Topic': 'Topic 3', 'Relevant Words': ['testing', 'github', 'page', 'accessibility']}","{'Java': ['import', 'void', 'junit', 'protected', 'static']}"
SVVT-project,0.0,129,31,0.0,"{'Topic': 'Topic 3', 'Relevant Words': ['testing', 'github', 'page', 'accessibility']}","{'Java': ['public', 'private', 'final', 'void', 'import']}"
SVVT-project,0.0,92,22,0.0,"{'Topic': 'Topic 3', 'Relevant Words': ['testing', 'github', 'page', 'accessibility']}","{'Java': ['public', 'private', 'final', 'void', 'import']}"
SVVT-project,0.0,122,43,0.0,"{'Topic': 'Topic 3', 'Relevant Words': ['testing', 'github', 'page', 'accessibility']}","{'Java': ['public', 'private', 'final', 'void', 'import', 'class']}"
SVVT-project,0.0045454545454545,171,39,0.0045454545454545,"{'Topic': 'Topic 3', 'Relevant Words': ['testing', 'github', 'page', 'accessibility']}","{'Java': ['public', 'private', 'final', 'void', 'return', 'import']}"
SVVT-project,0.0,74,20,0.0,"{'Topic': 'Topic 3', 'Relevant Words': ['testing', 'github', 'page', 'accessibility']}","{'Java': ['public', 'final', 'private', 'void', 'import']}"
SVVT-project,0.0,40,16,0.0,"{'Topic': 'Topic 3', 'Relevant Words': ['testing', 'github', 'page', 'accessibility']}","{'Java': ['public', 'import', 'final', 'private', 'return', 'void', 'package']}"
SVVT-project,0.1302083333333333,155,69,0.1302083333333333,"{'Topic': 'Topic 3', 'Relevant Words': ['testing', 'github', 'page', 'accessibility']}","{'Java': ['import', 'public']}"
SVVT-project,0.0572727272727272,127,34,0.0572727272727272,"{'Topic': 'Topic 3', 'Relevant Words': ['testing', 'github', 'page', 'accessibility']}","{'Java': ['void', 'import', 'private', 'public', 'junit']}"
SVVT-project,0.1086363636363636,120,41,0.1086363636363636,"{'Topic': 'Topic 3', 'Relevant Words': ['testing', 'github', 'page', 'accessibility']}","{'Java': ['import', 'public', 'void', 'junit']}"
SVVT-project,0.060306553911205,283,94,0.060306553911205,"{'Topic': 'Topic 3', 'Relevant Words': ['testing', 'github', 'page', 'accessibility']}","{'Java': ['import', 'public', 'private', 'void', 'static', 'final']}"
SVVT-project,-0.0267379679144385,122,44,-0.0267379679144385,"{'Topic': 'Topic 3', 'Relevant Words': ['testing', 'github', 'page', 'accessibility']}","{'Java': ['import', 'public', 'void', 'static', 'junit']}"
SVVT-project,-0.125,127,32,-0.125,"{'Topic': 'Topic 3', 'Relevant Words': ['testing', 'github', 'page', 'accessibility']}","{'Java': ['import', 'public', 'void', 'junit']}"
SVVT-project,0.1433566433566434,242,64,0.1433566433566434,"{'Topic': 'Topic 3', 'Relevant Words': ['testing', 'github', 'page', 'accessibility']}","{'Java': ['import', 'private', 'static', 'final', 'void', 'public']}"
SVVT-project,0.1377104377104376,166,60,0.1377104377104376,"{'Topic': 'Topic 3', 'Relevant Words': ['testing', 'github', 'page', 'accessibility']}","{'Java': ['import', 'static', 'private', 'final', 'public']}"
SVVT-project,0.1208732057416268,296,102,0.1208732057416268,"{'Topic': 'Topic 3', 'Relevant Words': ['testing', 'github', 'page', 'accessibility']}","{'Java': ['import', 'private', 'void', 'static', 'final', 'junit']}"
SVVT-project,0.0956937799043061,246,96,0.0956937799043061,"{'Topic': 'Topic 3', 'Relevant Words': ['testing', 'github', 'page', 'accessibility']}",{'Java': ['import']}
SVVT-project,0.0227272727272727,93,22,0.0227272727272727,"{'Topic': 'Topic 3', 'Relevant Words': ['testing', 'github', 'page', 'accessibility']}","{'Java': ['public', 'void', 'import', 'static', 'private']}"
SVVT-project,0.0576923076923076,130,72,0.0576923076923076,"{'Topic': 'Topic 3', 'Relevant Words': ['testing', 'github', 'page', 'accessibility']}","{'Java': ['import', 'public', 'junit', 'static', 'void']}"
SVVT-project,0.141711229946524,125,64,0.141711229946524,"{'Topic': 'Topic 3', 'Relevant Words': ['testing', 'github', 'page', 'accessibility']}","{'Java': ['import', 'static', 'final', 'private', 'public']}"
SVVT-project,0.0833333333333333,107,26,0.0833333333333333,"{'Topic': 'Topic 3', 'Relevant Words': ['testing', 'github', 'page', 'accessibility']}","{'Java': ['public', 'void', 'import', 'junit']}"
SVVT-project,0.1363636363636363,161,47,0.1363636363636363,"{'Topic': 'Topic 3', 'Relevant Words': ['testing', 'github', 'page', 'accessibility']}","{'Java': ['import', 'private', 'static', 'final', 'void', 'public']}"
SVVT-project,0.0636363636363636,59,14,0.0636363636363636,"{'Topic': 'Topic 3', 'Relevant Words': ['testing', 'github', 'page', 'accessibility']}","{'Java': ['static', 'public', 'class', 'import', 'package', 'private', 'return', 'try']}"
