repo_name,languages,word_count,sentence_count,sentiment,topics,keywords
NLP-PROJECT,"{'Jupyter Notebook': 3202612, 'Python': 52956}",1152,130,-0.30175666438824333,,"{'Python': ['self', 'return', 'def', 'print', 'write']}"
NLP-PROJECT,"{'Jupyter Notebook': 3202612, 'Python': 52956}",620,135,-0.42857142857142855,,"{'Python': ['async', 'await', 'return', 'def', 'import']}"
NLP-PROJECT,"{'Jupyter Notebook': 3202612, 'Python': 52956}",1627,87,-0.20380694229318078,,"{'Python': ['class', 'try', 'return', 'type']}"
NLP-PROJECT,"{'Jupyter Notebook': 3202612, 'Python': 52956}",222,27,-0.23333333333333334,,"{'Python': ['print', 'import', 'await']}"
NLP-PROJECT,"{'Jupyter Notebook': 3202612, 'Python': 52956}",135,32,0.22999999999999998,,"{'Python': ['return', 'print', 'def']}"
NLP-PROJECT,"{'Jupyter Notebook': 3202612, 'Python': 52956}",964,93,0.13458506901903128,,"{'Python': ['import', 'return', 'nltk', 'filter', 'def']}"
ocr-expense-tracker,"{'TypeScript': 84388, 'JavaScript': 21412, 'HTML': 365, 'CSS': 59}",77,12,-0.3833333333333333,,"{'TypeScript': ['const', 'express'], 'JavaScript': ['const', 'express', 'return']}"
ocr-expense-tracker,"{'TypeScript': 84388, 'JavaScript': 21412, 'HTML': 365, 'CSS': 59}",44,7,-0.5,,"{'TypeScript': ['const', 'module', 'await'], 'JavaScript': ['const', 'try', 'catch']}"
ocr-expense-tracker,"{'TypeScript': 84388, 'JavaScript': 21412, 'HTML': 365, 'CSS': 59}",44,13,-0.75,,"{'TypeScript': ['const', 'express', 'module'], 'JavaScript': ['const', 'return', 'express']}"
ocr-expense-tracker,"{'TypeScript': 84388, 'JavaScript': 21412, 'HTML': 365, 'CSS': 59}",178,34,0.0,,"{'TypeScript': ['const', 'await', 'async'], 'JavaScript': ['const', 'return', 'try', 'catch']}"
ocr-expense-tracker,"{'TypeScript': 84388, 'JavaScript': 21412, 'HTML': 365, 'CSS': 59}",185,49,0.0,,"{'TypeScript': ['const', 'await', 'async'], 'JavaScript': ['const', 'try', 'catch']}"
ocr-expense-tracker,"{'TypeScript': 84388, 'JavaScript': 21412, 'HTML': 365, 'CSS': 59}",183,49,0.0,,"{'TypeScript': ['const', 'await', 'async'], 'JavaScript': ['const', 'try', 'catch']}"
ocr-expense-tracker,"{'TypeScript': 84388, 'JavaScript': 21412, 'HTML': 365, 'CSS': 59}",145,42,0.0,,"{'TypeScript': ['const', 'await', 'async'], 'JavaScript': ['const', 'try', 'catch']}"
ocr-expense-tracker,"{'TypeScript': 84388, 'JavaScript': 21412, 'HTML': 365, 'CSS': 59}",37,7,0.0,,"{'TypeScript': ['const', 'express'], 'JavaScript': ['const', 'express', 'catch']}"
ocr-expense-tracker,"{'TypeScript': 84388, 'JavaScript': 21412, 'HTML': 365, 'CSS': 59}",58,10,0.0,,"{'TypeScript': ['const', 'module'], 'JavaScript': ['const', 'return']}"
ocr-expense-tracker,"{'TypeScript': 84388, 'JavaScript': 21412, 'HTML': 365, 'CSS': 59}",31,4,-0.3527272727272727,,"{'TypeScript': ['const', 'type', 'module'], 'JavaScript': ['const', 'new', 'default']}"
ocr-expense-tracker,"{'TypeScript': 84388, 'JavaScript': 21412, 'HTML': 365, 'CSS': 59}",55,7,-0.30946969696969695,,"{'TypeScript': ['type', 'const', 'module'], 'JavaScript': ['const', 'new']}"
ocr-expense-tracker,"{'TypeScript': 84388, 'JavaScript': 21412, 'HTML': 365, 'CSS': 59}",82,7,-0.20090909090909087,,"{'TypeScript': ['type', 'const'], 'JavaScript': ['const', 'new']}"
ocr-expense-tracker,"{'TypeScript': 84388, 'JavaScript': 21412, 'HTML': 365, 'CSS': 59}",114,9,-0.3024147727272727,,"{'TypeScript': ['type', 'const', 'function'], 'JavaScript': ['const', 'default', 'function', 'return']}"
ocr-expense-tracker,"{'TypeScript': 84388, 'JavaScript': 21412, 'HTML': 365, 'CSS': 59}",54,22,-0.5208333333333334,,"{'TypeScript': ['express'], 'JavaScript': ['express']}"
ocr-expense-tracker,"{'TypeScript': 84388, 'JavaScript': 21412, 'HTML': 365, 'CSS': 59}",26,11,0.0,,"{'TypeScript': ['const', 'module', 'express'], 'JavaScript': ['const', 'express']}"
ocr-expense-tracker,"{'TypeScript': 84388, 'JavaScript': 21412, 'HTML': 365, 'CSS': 59}",56,17,0.13636363636363635,,"{'TypeScript': ['const', 'module', 'express'], 'JavaScript': ['const', 'new', 'express']}"
ocr-expense-tracker,"{'TypeScript': 84388, 'JavaScript': 21412, 'HTML': 365, 'CSS': 59}",33,17,0.0,,"{'TypeScript': ['const', 'module', 'express'], 'JavaScript': ['const', 'express']}"
ocr-expense-tracker,"{'TypeScript': 84388, 'JavaScript': 21412, 'HTML': 365, 'CSS': 59}",31,14,0.0,,"{'TypeScript': ['const', 'express', 'module'], 'JavaScript': ['const', 'express']}"
ocr-expense-tracker,"{'TypeScript': 84388, 'JavaScript': 21412, 'HTML': 365, 'CSS': 59}",194,20,0.3715909090909091,,"{'TypeScript': ['const', 'await', 'async'], 'JavaScript': ['const', 'return']}"
ocr-expense-tracker,"{'TypeScript': 84388, 'JavaScript': 21412, 'HTML': 365, 'CSS': 59}",77,8,0.20757575757575755,,"{'TypeScript': ['const', 'async', 'await', 'module'], 'JavaScript': ['const', 'return', 'new']}"
ocr-expense-tracker,"{'TypeScript': 84388, 'JavaScript': 21412, 'HTML': 365, 'CSS': 59}",77,8,0.20757575757575755,,"{'TypeScript': ['const', 'async', 'await', 'module'], 'JavaScript': ['const', 'return', 'new']}"
ocr-expense-tracker,"{'TypeScript': 84388, 'JavaScript': 21412, 'HTML': 365, 'CSS': 59}",127,11,0.1777892561983471,,"{'TypeScript': ['const', 'await', 'async'], 'JavaScript': ['const', 'new', 'return', 'throw']}"
ocr-expense-tracker,"{'TypeScript': 84388, 'JavaScript': 21412, 'HTML': 365, 'CSS': 59}",34,4,0.0,,"{'TypeScript': ['await', 'function', 'const', 'async', 'module'], 'JavaScript': ['return', 'function', 'const']}"
ocr-expense-tracker,"{'TypeScript': 84388, 'JavaScript': 21412, 'HTML': 365, 'CSS': 59}",111,15,-0.21931818181818183,,"{'TypeScript': ['const', 'await'], 'JavaScript': ['const', 'return']}"
ocr-expense-tracker,"{'TypeScript': 84388, 'JavaScript': 21412, 'HTML': 365, 'CSS': 59}",63,2,-1.0,,"{'TypeScript': ['const', 'module'], 'JavaScript': ['return', 'const']}"
ocr-expense-tracker,"{'TypeScript': 84388, 'JavaScript': 21412, 'HTML': 365, 'CSS': 59}",9,3,0.0,,"{'TypeScript': ['module', 'const'], 'JavaScript': ['const']}"
ocr-expense-tracker,"{'TypeScript': 84388, 'JavaScript': 21412, 'HTML': 365, 'CSS': 59}",61,16,-0.6125,,"{'TypeScript': ['import', 'react', 'export', 'extends'], 'JavaScript': ['import', 'react', 'export', 'extends']}"
ocr-expense-tracker,"{'TypeScript': 84388, 'JavaScript': 21412, 'HTML': 365, 'CSS': 59}",30,3,0.0,,"{'TypeScript': ['type', 'module'], 'JavaScript': []}"
ocr-expense-tracker,"{'TypeScript': 84388, 'JavaScript': 21412, 'HTML': 365, 'CSS': 59}",77,48,-0.38,,"{'TypeScript': ['react', 'type', 'module'], 'JavaScript': ['react', 'tailwindcss']}"
ocr-expense-tracker,"{'TypeScript': 84388, 'JavaScript': 21412, 'HTML': 365, 'CSS': 59}",11,0,-0.75,,"{'TypeScript': ['export'], 'JavaScript': ['tailwindcss', 'export', 'default']}"
ocr-expense-tracker,"{'TypeScript': 84388, 'JavaScript': 21412, 'HTML': 365, 'CSS': 59}",109,10,-0.6180555555555556,,"{'TypeScript': ['react', 'import', 'const'], 'JavaScript': ['react', 'import', 'const', 'axios', 'return']}"
ocr-expense-tracker,"{'TypeScript': 84388, 'JavaScript': 21412, 'HTML': 365, 'CSS': 59}",186,8,-0.3611111111111111,,"{'TypeScript': ['react', 'import'], 'JavaScript': ['react', 'import']}"
ocr-expense-tracker,"{'TypeScript': 84388, 'JavaScript': 21412, 'HTML': 365, 'CSS': 59}",29,3,-0.75,,"{'TypeScript': ['react', 'import', 'export', 'const'], 'JavaScript': ['return', 'react', 'import', 'default', 'export', 'const']}"
ocr-expense-tracker,"{'TypeScript': 84388, 'JavaScript': 21412, 'HTML': 365, 'CSS': 59}",101,2,-0.22499999999999998,,"{'TypeScript': ['react', 'type', 'import'], 'JavaScript': ['react', 'import']}"
ocr-expense-tracker,"{'TypeScript': 84388, 'JavaScript': 21412, 'HTML': 365, 'CSS': 59}",547,73,-0.2391666666666667,,"{'TypeScript': ['const', 'type', 'import'], 'JavaScript': ['const', 'usestate', 'import']}"
ocr-expense-tracker,"{'TypeScript': 84388, 'JavaScript': 21412, 'HTML': 365, 'CSS': 59}",374,50,-0.12499999999999999,,"{'TypeScript': ['const', 'type', 'react', 'import'], 'JavaScript': ['const', 'react', 'import']}"
ocr-expense-tracker,"{'TypeScript': 84388, 'JavaScript': 21412, 'HTML': 365, 'CSS': 59}",423,60,-0.23854166666666668,,"{'TypeScript': ['const', 'type', 'react', 'import'], 'JavaScript': ['const', 'react', 'import']}"
ocr-expense-tracker,"{'TypeScript': 84388, 'JavaScript': 21412, 'HTML': 365, 'CSS': 59}",575,69,-0.2792566287878788,,"{'TypeScript': ['const', 'import', 'react', 'type'], 'JavaScript': ['const', 'usestate', 'import', 'react', 'return']}"
ocr-expense-tracker,"{'TypeScript': 84388, 'JavaScript': 21412, 'HTML': 365, 'CSS': 59}",404,52,-0.1063311688311688,,"{'TypeScript': ['const', 'type', 'import', 'react'], 'JavaScript': ['const', 'import', 'react']}"
ocr-expense-tracker,"{'TypeScript': 84388, 'JavaScript': 21412, 'HTML': 365, 'CSS': 59}",496,66,-0.1726515151515152,,"{'TypeScript': ['const', 'type'], 'JavaScript': ['const']}"
ocr-expense-tracker,"{'TypeScript': 84388, 'JavaScript': 21412, 'HTML': 365, 'CSS': 59}",514,62,-0.24258996212121214,,"{'TypeScript': ['const', 'import', 'react', 'type'], 'JavaScript': ['const', 'import', 'usestate', 'react', 'return']}"
ocr-expense-tracker,"{'TypeScript': 84388, 'JavaScript': 21412, 'HTML': 365, 'CSS': 59}",6,0,-0.8,,"{'TypeScript': [], 'JavaScript': []}"
ocr-expense-tracker,"{'TypeScript': 84388, 'JavaScript': 21412, 'HTML': 365, 'CSS': 59}",13,0,0.0,,"{'TypeScript': ['interface', 'export'], 'JavaScript': ['export', 'default']}"
ocr-expense-tracker,"{'TypeScript': 84388, 'JavaScript': 21412, 'HTML': 365, 'CSS': 59}",13,0,0.0,,"{'TypeScript': ['interface', 'export'], 'JavaScript': ['export', 'default']}"
ocr-expense-tracker,"{'TypeScript': 84388, 'JavaScript': 21412, 'HTML': 365, 'CSS': 59}",21,0,0.0,,"{'TypeScript': ['interface', 'export'], 'JavaScript': ['export', 'default']}"
ocr-expense-tracker,"{'TypeScript': 84388, 'JavaScript': 21412, 'HTML': 365, 'CSS': 59}",19,0,0.0,,"{'TypeScript': ['interface', 'export'], 'JavaScript': ['export', 'default']}"
ocr-expense-tracker,"{'TypeScript': 84388, 'JavaScript': 21412, 'HTML': 365, 'CSS': 59}",44,0,0.0,,"{'TypeScript': ['interface', 'export'], 'JavaScript': ['export', 'default']}"
ocr-expense-tracker,"{'TypeScript': 84388, 'JavaScript': 21412, 'HTML': 365, 'CSS': 59}",46,0,0.0,,"{'TypeScript': ['interface', 'export'], 'JavaScript': ['export', 'default']}"
ocr-expense-tracker,"{'TypeScript': 84388, 'JavaScript': 21412, 'HTML': 365, 'CSS': 59}",69,4,-0.75,,"{'TypeScript': ['react', 'import', 'const', 'export'], 'JavaScript': ['react', 'import', 'const', 'return', 'useeffect', 'usestate', 'export']}"
ocr-expense-tracker,"{'TypeScript': 84388, 'JavaScript': 21412, 'HTML': 365, 'CSS': 59}",69,4,-0.75,,"{'TypeScript': ['react', 'const', 'import', 'export'], 'JavaScript': ['react', 'const', 'import', 'useeffect', 'return', 'usestate', 'export', 'default']}"
ocr-expense-tracker,"{'TypeScript': 84388, 'JavaScript': 21412, 'HTML': 365, 'CSS': 59}",39,3,-0.75,,"{'TypeScript': ['react', 'import', 'export', 'const'], 'JavaScript': ['react', 'import', 'return', 'export', 'default', 'const']}"
ocr-expense-tracker,"{'TypeScript': 84388, 'JavaScript': 21412, 'HTML': 365, 'CSS': 59}",151,15,-0.8125,,"{'TypeScript': ['import', 'react'], 'JavaScript': ['import', 'react']}"
ocr-expense-tracker,"{'TypeScript': 84388, 'JavaScript': 21412, 'HTML': 365, 'CSS': 59}",463,30,-0.23214285714285715,,"{'TypeScript': ['const'], 'JavaScript': ['const', 'usestate']}"
ocr-expense-tracker,"{'TypeScript': 84388, 'JavaScript': 21412, 'HTML': 365, 'CSS': 59}",431,34,-0.1020089285714286,,"{'TypeScript': ['const', 'type', 'react', 'import'], 'JavaScript': ['const', 'react', 'import', 'usestate']}"
ocr-expense-tracker,"{'TypeScript': 84388, 'JavaScript': 21412, 'HTML': 365, 'CSS': 59}",66,2,-0.46875,,"{'TypeScript': ['react', 'import'], 'JavaScript': ['react', 'import', 'return']}"
ocr-expense-tracker,"{'TypeScript': 84388, 'JavaScript': 21412, 'HTML': 365, 'CSS': 59}",72,4,-0.1875,,"{'TypeScript': ['react', 'import'], 'JavaScript': ['react', 'import', 'return']}"
ocr-expense-tracker,"{'TypeScript': 84388, 'JavaScript': 21412, 'HTML': 365, 'CSS': 59}",401,36,-0.06205357142857143,,"{'TypeScript': ['const', 'type', 'react', 'import'], 'JavaScript': ['const', 'react', 'import']}"
ocr-expense-tracker,"{'TypeScript': 84388, 'JavaScript': 21412, 'HTML': 365, 'CSS': 59}",747,84,-0.10279150197628463,,"{'TypeScript': ['const', 'type'], 'JavaScript': ['const']}"
ocr-expense-tracker,"{'TypeScript': 84388, 'JavaScript': 21412, 'HTML': 365, 'CSS': 59}",164,11,-0.75,,"{'TypeScript': ['const', 'import', 'react'], 'JavaScript': ['const', 'usestate', 'import', 'react']}"
ocr-expense-tracker,"{'TypeScript': 84388, 'JavaScript': 21412, 'HTML': 365, 'CSS': 59}",166,11,-0.4545454545454546,,"{'TypeScript': ['const', 'import', 'react'], 'JavaScript': ['const', 'usestate', 'import', 'react']}"
ocr-expense-tracker,"{'TypeScript': 84388, 'JavaScript': 21412, 'HTML': 365, 'CSS': 59}",4,0,0.0,,"{'TypeScript': [], 'JavaScript': []}"
ocr-expense-tracker,"{'TypeScript': 84388, 'JavaScript': 21412, 'HTML': 365, 'CSS': 59}",23,7,-0.75,,"{'TypeScript': ['type', 'react', 'import', 'export', 'const'], 'JavaScript': ['tailwindcss', 'react', 'import', 'export', 'default', 'const']}"
ocr-expense-tracker,"{'TypeScript': 84388, 'JavaScript': 21412, 'HTML': 365, 'CSS': 59}",46,1,0.075,,"{'TypeScript': ['react', 'module'], 'JavaScript': ['react']}"
ocr-expense-tracker,"{'TypeScript': 84388, 'JavaScript': 21412, 'HTML': 365, 'CSS': 59}",15,6,-0.75,,"{'TypeScript': [], 'JavaScript': []}"
ocr-expense-tracker,"{'TypeScript': 84388, 'JavaScript': 21412, 'HTML': 365, 'CSS': 59}",40,2,0.04999999999999998,,"{'TypeScript': ['module'], 'JavaScript': []}"
ocr-expense-tracker,"{'TypeScript': 84388, 'JavaScript': 21412, 'HTML': 365, 'CSS': 59}",18,1,-0.75,,"{'TypeScript': ['react', 'import', 'export'], 'JavaScript': ['react', 'import', 'export', 'default']}"
Online-Quiz-Platform,"{'JavaScript': 81171, 'HTML': 43008, 'PHP': 41218, 'CSS': 38577, 'Hack': 1387}",500,1,0.08349999999999999,"{'Topic': 'Topic 1', 'Relevant Words': ['ajax']}, {'Topic': 'Topic 2', 'Relevant Words': ['ajax']}, {'Topic': 'Topic 3', 'Relevant Words': ['html', 'css']}","{'JavaScript': ['default'], 'PHP': []}"
Online-Quiz-Platform,"{'JavaScript': 81171, 'HTML': 43008, 'PHP': 41218, 'CSS': 38577, 'Hack': 1387}",3450,69,0.1285432103683637,"{'Topic': 'Topic 1', 'Relevant Words': ['ajax']}, {'Topic': 'Topic 2', 'Relevant Words': ['ajax']}, {'Topic': 'Topic 3', 'Relevant Words': ['html', 'css']}","{'JavaScript': [], 'PHP': []}"
Online-Quiz-Platform,"{'JavaScript': 81171, 'HTML': 43008, 'PHP': 41218, 'CSS': 38577, 'Hack': 1387}",240,84,0.0,"{'Topic': 'Topic 1', 'Relevant Words': ['ajax']}, {'Topic': 'Topic 2', 'Relevant Words': ['ajax']}, {'Topic': 'Topic 3', 'Relevant Words': ['html', 'css']}","{'JavaScript': [], 'PHP': []}"
Online-Quiz-Platform,"{'JavaScript': 81171, 'HTML': 43008, 'PHP': 41218, 'CSS': 38577, 'Hack': 1387}",235,38,-0.315625,"{'Topic': 'Topic 1', 'Relevant Words': ['ajax']}, {'Topic': 'Topic 2', 'Relevant Words': ['ajax']}, {'Topic': 'Topic 3', 'Relevant Words': ['html', 'css']}","{'JavaScript': ['var', 'function'], 'PHP': ['function']}"
Online-Quiz-Platform,"{'JavaScript': 81171, 'HTML': 43008, 'PHP': 41218, 'CSS': 38577, 'Hack': 1387}",195,10,0.1340909090909091,"{'Topic': 'Topic 1', 'Relevant Words': ['ajax']}, {'Topic': 'Topic 2', 'Relevant Words': ['ajax']}, {'Topic': 'Topic 3', 'Relevant Words': ['html', 'css']}","{'JavaScript': [], 'PHP': ['isset']}"
Online-Quiz-Platform,"{'JavaScript': 81171, 'HTML': 43008, 'PHP': 41218, 'CSS': 38577, 'Hack': 1387}",145,17,0.01,"{'Topic': 'Topic 1', 'Relevant Words': ['ajax']}, {'Topic': 'Topic 2', 'Relevant Words': ['ajax']}, {'Topic': 'Topic 3', 'Relevant Words': ['html', 'css']}","{'JavaScript': ['function'], 'PHP': ['isset', 'echo', 'function', 'require']}"
Online-Quiz-Platform,"{'JavaScript': 81171, 'HTML': 43008, 'PHP': 41218, 'CSS': 38577, 'Hack': 1387}",29649,1455,0.0945574702131285,"{'Topic': 'Topic 1', 'Relevant Words': ['ajax']}, {'Topic': 'Topic 2', 'Relevant Words': ['ajax']}, {'Topic': 'Topic 3', 'Relevant Words': ['html', 'css']}","{'JavaScript': ['new'], 'PHP': []}"
Online-Quiz-Platform,"{'JavaScript': 81171, 'HTML': 43008, 'PHP': 41218, 'CSS': 38577, 'Hack': 1387}",951,95,0.14044913419913432,"{'Topic': 'Topic 1', 'Relevant Words': ['ajax']}, {'Topic': 'Topic 2', 'Relevant Words': ['ajax']}, {'Topic': 'Topic 3', 'Relevant Words': ['html', 'css']}","{'JavaScript': ['var'], 'PHP': []}"
Online-Quiz-Platform,"{'JavaScript': 81171, 'HTML': 43008, 'PHP': 41218, 'CSS': 38577, 'Hack': 1387}",390,72,0.5086263020833333,"{'Topic': 'Topic 1', 'Relevant Words': ['ajax']}, {'Topic': 'Topic 2', 'Relevant Words': ['ajax']}, {'Topic': 'Topic 3', 'Relevant Words': ['html', 'css']}","{'JavaScript': ['class'], 'PHP': ['class']}"
Online-Quiz-Platform,"{'JavaScript': 81171, 'HTML': 43008, 'PHP': 41218, 'CSS': 38577, 'Hack': 1387}",475,163,-0.19791666666666666,"{'Topic': 'Topic 1', 'Relevant Words': ['ajax']}, {'Topic': 'Topic 2', 'Relevant Words': ['ajax']}, {'Topic': 'Topic 3', 'Relevant Words': ['html', 'css']}","{'JavaScript': ['function', 'import'], 'PHP': ['function']}"
Online-Quiz-Platform,"{'JavaScript': 81171, 'HTML': 43008, 'PHP': 41218, 'CSS': 38577, 'Hack': 1387}",151,39,-0.75,"{'Topic': 'Topic 1', 'Relevant Words': ['ajax']}, {'Topic': 'Topic 2', 'Relevant Words': ['ajax']}, {'Topic': 'Topic 3', 'Relevant Words': ['html', 'css']}","{'JavaScript': ['function', 'var', 'return'], 'PHP': ['function']}"
Online-Quiz-Platform,"{'JavaScript': 81171, 'HTML': 43008, 'PHP': 41218, 'CSS': 38577, 'Hack': 1387}",402,14,-0.5439244663382595,"{'Topic': 'Topic 1', 'Relevant Words': ['ajax']}, {'Topic': 'Topic 2', 'Relevant Words': ['ajax']}, {'Topic': 'Topic 3', 'Relevant Words': ['html', 'css']}","{'JavaScript': ['export', 'const'], 'PHP': []}"
Online-Quiz-Platform,"{'JavaScript': 81171, 'HTML': 43008, 'PHP': 41218, 'CSS': 38577, 'Hack': 1387}",597,118,-0.24204545454545454,"{'Topic': 'Topic 1', 'Relevant Words': ['ajax']}, {'Topic': 'Topic 2', 'Relevant Words': ['ajax']}, {'Topic': 'Topic 3', 'Relevant Words': ['html', 'css']}","{'JavaScript': ['const', 'function'], 'PHP': ['function']}"
Online-Quiz-Platform,"{'JavaScript': 81171, 'HTML': 43008, 'PHP': 41218, 'CSS': 38577, 'Hack': 1387}",323,56,-0.457070707070707,"{'Topic': 'Topic 1', 'Relevant Words': ['ajax']}, {'Topic': 'Topic 2', 'Relevant Words': ['ajax']}, {'Topic': 'Topic 3', 'Relevant Words': ['html', 'css']}","{'JavaScript': ['const', 'export', 'let'], 'PHP': []}"
Online-Quiz-Platform,"{'JavaScript': 81171, 'HTML': 43008, 'PHP': 41218, 'CSS': 38577, 'Hack': 1387}",285,56,-0.17916666666666667,"{'Topic': 'Topic 1', 'Relevant Words': ['ajax']}, {'Topic': 'Topic 2', 'Relevant Words': ['ajax']}, {'Topic': 'Topic 3', 'Relevant Words': ['html', 'css']}","{'JavaScript': ['const', 'class'], 'PHP': ['class']}"
Online-Quiz-Platform,"{'JavaScript': 81171, 'HTML': 43008, 'PHP': 41218, 'CSS': 38577, 'Hack': 1387}",297,64,-0.31851851851851853,"{'Topic': 'Topic 1', 'Relevant Words': ['ajax']}, {'Topic': 'Topic 2', 'Relevant Words': ['ajax']}, {'Topic': 'Topic 3', 'Relevant Words': ['html', 'css']}","{'JavaScript': ['const', 'case', 'export', 'function'], 'PHP': ['function']}"
Online-Quiz-Platform,"{'JavaScript': 81171, 'HTML': 43008, 'PHP': 41218, 'CSS': 38577, 'Hack': 1387}",607,161,-0.10121527777777777,"{'Topic': 'Topic 1', 'Relevant Words': ['ajax']}, {'Topic': 'Topic 2', 'Relevant Words': ['ajax']}, {'Topic': 'Topic 3', 'Relevant Words': ['html', 'css']}","{'JavaScript': ['const', 'function'], 'PHP': ['foreach', 'function']}"
Online-Quiz-Platform,"{'JavaScript': 81171, 'HTML': 43008, 'PHP': 41218, 'CSS': 38577, 'Hack': 1387}",257,66,-0.3409090909090909,"{'Topic': 'Topic 1', 'Relevant Words': ['ajax']}, {'Topic': 'Topic 2', 'Relevant Words': ['ajax']}, {'Topic': 'Topic 3', 'Relevant Words': ['html', 'css']}","{'JavaScript': ['class', 'const', 'function'], 'PHP': ['class', 'function', 'foreach']}"
Online-Quiz-Platform,"{'JavaScript': 81171, 'HTML': 43008, 'PHP': 41218, 'CSS': 38577, 'Hack': 1387}",965,222,-0.18181818181818185,"{'Topic': 'Topic 1', 'Relevant Words': ['ajax']}, {'Topic': 'Topic 2', 'Relevant Words': ['ajax']}, {'Topic': 'Topic 3', 'Relevant Words': ['html', 'css']}","{'JavaScript': ['const', 'class', 'function'], 'PHP': ['class', 'function', 'foreach']}"
Online-Quiz-Platform,"{'JavaScript': 81171, 'HTML': 43008, 'PHP': 41218, 'CSS': 38577, 'Hack': 1387}",917,159,-0.17083333333333336,"{'Topic': 'Topic 1', 'Relevant Words': ['ajax']}, {'Topic': 'Topic 2', 'Relevant Words': ['ajax']}, {'Topic': 'Topic 3', 'Relevant Words': ['html', 'css']}","{'JavaScript': ['const', 'let', 'function', 'class'], 'PHP': ['foreach', 'function', 'class']}"
Online-Quiz-Platform,"{'JavaScript': 81171, 'HTML': 43008, 'PHP': 41218, 'CSS': 38577, 'Hack': 1387}",309,84,-0.05650510204081633,"{'Topic': 'Topic 1', 'Relevant Words': ['ajax']}, {'Topic': 'Topic 2', 'Relevant Words': ['ajax']}, {'Topic': 'Topic 3', 'Relevant Words': ['html', 'css']}","{'JavaScript': ['const', 'function', 'class'], 'PHP': ['foreach', 'function', 'class']}"
Online-Quiz-Platform,"{'JavaScript': 81171, 'HTML': 43008, 'PHP': 41218, 'CSS': 38577, 'Hack': 1387}",300,66,-0.14,"{'Topic': 'Topic 1', 'Relevant Words': ['ajax']}, {'Topic': 'Topic 2', 'Relevant Words': ['ajax']}, {'Topic': 'Topic 3', 'Relevant Words': ['html', 'css']}","{'JavaScript': ['const', 'class', 'function', 'export'], 'PHP': ['class', 'function']}"
Online-Quiz-Platform,"{'JavaScript': 81171, 'HTML': 43008, 'PHP': 41218, 'CSS': 38577, 'Hack': 1387}",492,136,0.008088235294117653,"{'Topic': 'Topic 1', 'Relevant Words': ['ajax']}, {'Topic': 'Topic 2', 'Relevant Words': ['ajax']}, {'Topic': 'Topic 3', 'Relevant Words': ['html', 'css']}","{'JavaScript': ['function', 'const'], 'PHP': ['function', 'foreach']}"
Online-Quiz-Platform,"{'JavaScript': 81171, 'HTML': 43008, 'PHP': 41218, 'CSS': 38577, 'Hack': 1387}",152,19,-0.12121212121212123,"{'Topic': 'Topic 1', 'Relevant Words': ['ajax']}, {'Topic': 'Topic 2', 'Relevant Words': ['ajax']}, {'Topic': 'Topic 3', 'Relevant Words': ['html', 'css']}","{'JavaScript': [], 'PHP': []}"
Online-Quiz-Platform,"{'JavaScript': 81171, 'HTML': 43008, 'PHP': 41218, 'CSS': 38577, 'Hack': 1387}",553,59,0.08023809523809523,"{'Topic': 'Topic 1', 'Relevant Words': ['ajax']}, {'Topic': 'Topic 2', 'Relevant Words': ['ajax']}, {'Topic': 'Topic 3', 'Relevant Words': ['html', 'css']}","{'JavaScript': ['var'], 'PHP': []}"
Online-Quiz-Platform,"{'JavaScript': 81171, 'HTML': 43008, 'PHP': 41218, 'CSS': 38577, 'Hack': 1387}",197,27,-0.11041666666666666,"{'Topic': 'Topic 1', 'Relevant Words': ['ajax']}, {'Topic': 'Topic 2', 'Relevant Words': ['ajax']}, {'Topic': 'Topic 3', 'Relevant Words': ['html', 'css']}","{'JavaScript': ['var'], 'PHP': []}"
Online-Quiz-Platform,"{'JavaScript': 81171, 'HTML': 43008, 'PHP': 41218, 'CSS': 38577, 'Hack': 1387}",338,14,0.05266955266955267,"{'Topic': 'Topic 1', 'Relevant Words': ['ajax']}, {'Topic': 'Topic 2', 'Relevant Words': ['ajax']}, {'Topic': 'Topic 3', 'Relevant Words': ['html', 'css']}","{'JavaScript': ['var'], 'PHP': []}"
Online-Quiz-Platform,"{'JavaScript': 81171, 'HTML': 43008, 'PHP': 41218, 'CSS': 38577, 'Hack': 1387}",385,35,-0.05599078341013825,"{'Topic': 'Topic 1', 'Relevant Words': ['ajax']}, {'Topic': 'Topic 2', 'Relevant Words': ['ajax']}, {'Topic': 'Topic 3', 'Relevant Words': ['html', 'css']}","{'JavaScript': ['var'], 'PHP': []}"
Online-Quiz-Platform,"{'JavaScript': 81171, 'HTML': 43008, 'PHP': 41218, 'CSS': 38577, 'Hack': 1387}",170,20,-0.010073260073260074,"{'Topic': 'Topic 1', 'Relevant Words': ['ajax']}, {'Topic': 'Topic 2', 'Relevant Words': ['ajax']}, {'Topic': 'Topic 3', 'Relevant Words': ['html', 'css']}","{'JavaScript': ['var'], 'PHP': []}"
Online-Quiz-Platform,"{'JavaScript': 81171, 'HTML': 43008, 'PHP': 41218, 'CSS': 38577, 'Hack': 1387}",256,23,-0.024019607843137253,"{'Topic': 'Topic 1', 'Relevant Words': ['ajax']}, {'Topic': 'Topic 2', 'Relevant Words': ['ajax']}, {'Topic': 'Topic 3', 'Relevant Words': ['html', 'css']}","{'JavaScript': ['var'], 'PHP': []}"
Online-Quiz-Platform,"{'JavaScript': 81171, 'HTML': 43008, 'PHP': 41218, 'CSS': 38577, 'Hack': 1387}",553,55,-0.0447004608294931,"{'Topic': 'Topic 1', 'Relevant Words': ['ajax']}, {'Topic': 'Topic 2', 'Relevant Words': ['ajax']}, {'Topic': 'Topic 3', 'Relevant Words': ['html', 'css']}","{'JavaScript': ['var'], 'PHP': []}"
Online-Quiz-Platform,"{'JavaScript': 81171, 'HTML': 43008, 'PHP': 41218, 'CSS': 38577, 'Hack': 1387}",101,12,0.0033333333333333353,"{'Topic': 'Topic 1', 'Relevant Words': ['ajax']}, {'Topic': 'Topic 2', 'Relevant Words': ['ajax']}, {'Topic': 'Topic 3', 'Relevant Words': ['html', 'css']}","{'JavaScript': ['var'], 'PHP': []}"
Online-Quiz-Platform,"{'JavaScript': 81171, 'HTML': 43008, 'PHP': 41218, 'CSS': 38577, 'Hack': 1387}",370,37,-0.08302005012531329,"{'Topic': 'Topic 1', 'Relevant Words': ['ajax']}, {'Topic': 'Topic 2', 'Relevant Words': ['ajax']}, {'Topic': 'Topic 3', 'Relevant Words': ['html', 'css']}","{'JavaScript': ['var'], 'PHP': []}"
Online-Quiz-Platform,"{'JavaScript': 81171, 'HTML': 43008, 'PHP': 41218, 'CSS': 38577, 'Hack': 1387}",341,39,-0.02842857142857142,"{'Topic': 'Topic 1', 'Relevant Words': ['ajax']}, {'Topic': 'Topic 2', 'Relevant Words': ['ajax']}, {'Topic': 'Topic 3', 'Relevant Words': ['html', 'css']}","{'JavaScript': ['var'], 'PHP': []}"
Online-Quiz-Platform,"{'JavaScript': 81171, 'HTML': 43008, 'PHP': 41218, 'CSS': 38577, 'Hack': 1387}",33,12,-0.1,"{'Topic': 'Topic 1', 'Relevant Words': ['ajax']}, {'Topic': 'Topic 2', 'Relevant Words': ['ajax']}, {'Topic': 'Topic 3', 'Relevant Words': ['html', 'css']}","{'JavaScript': ['class', 'return'], 'PHP': ['class']}"
Online-Quiz-Platform,"{'JavaScript': 81171, 'HTML': 43008, 'PHP': 41218, 'CSS': 38577, 'Hack': 1387}",11,4,-0.75,"{'Topic': 'Topic 1', 'Relevant Words': ['ajax']}, {'Topic': 'Topic 2', 'Relevant Words': ['ajax']}, {'Topic': 'Topic 3', 'Relevant Words': ['html', 'css']}","{'JavaScript': ['const'], 'PHP': []}"
Online-Quiz-Platform,"{'JavaScript': 81171, 'HTML': 43008, 'PHP': 41218, 'CSS': 38577, 'Hack': 1387}",148,17,-0.003409090909090917,"{'Topic': 'Topic 1', 'Relevant Words': ['ajax']}, {'Topic': 'Topic 2', 'Relevant Words': ['ajax']}, {'Topic': 'Topic 3', 'Relevant Words': ['html', 'css']}","{'JavaScript': ['class', 'const'], 'PHP': ['class', 'foreach']}"
Online-Quiz-Platform,"{'JavaScript': 81171, 'HTML': 43008, 'PHP': 41218, 'CSS': 38577, 'Hack': 1387}",88,4,0.15,"{'Topic': 'Topic 1', 'Relevant Words': ['ajax']}, {'Topic': 'Topic 2', 'Relevant Words': ['ajax']}, {'Topic': 'Topic 3', 'Relevant Words': ['html', 'css']}","{'JavaScript': ['class'], 'PHP': ['class']}"
Online-Quiz-Platform,"{'JavaScript': 81171, 'HTML': 43008, 'PHP': 41218, 'CSS': 38577, 'Hack': 1387}",150,16,0.05,"{'Topic': 'Topic 1', 'Relevant Words': ['ajax']}, {'Topic': 'Topic 2', 'Relevant Words': ['ajax']}, {'Topic': 'Topic 3', 'Relevant Words': ['html', 'css']}","{'JavaScript': ['class'], 'PHP': ['class']}"
Online-Quiz-Platform,"{'JavaScript': 81171, 'HTML': 43008, 'PHP': 41218, 'CSS': 38577, 'Hack': 1387}",12,2,0.0,"{'Topic': 'Topic 1', 'Relevant Words': ['ajax']}, {'Topic': 'Topic 2', 'Relevant Words': ['ajax']}, {'Topic': 'Topic 3', 'Relevant Words': ['html', 'css']}","{'JavaScript': ['return'], 'PHP': []}"
Online-Quiz-Platform,"{'JavaScript': 81171, 'HTML': 43008, 'PHP': 41218, 'CSS': 38577, 'Hack': 1387}",18,0,0.0375,"{'Topic': 'Topic 1', 'Relevant Words': ['ajax']}, {'Topic': 'Topic 2', 'Relevant Words': ['ajax']}, {'Topic': 'Topic 3', 'Relevant Words': ['html', 'css']}","{'JavaScript': ['class'], 'PHP': ['class']}"
Online-Quiz-Platform,"{'JavaScript': 81171, 'HTML': 43008, 'PHP': 41218, 'CSS': 38577, 'Hack': 1387}",120,1,0.17045454545454544,"{'Topic': 'Topic 1', 'Relevant Words': ['ajax']}, {'Topic': 'Topic 2', 'Relevant Words': ['ajax']}, {'Topic': 'Topic 3', 'Relevant Words': ['html', 'css']}","{'JavaScript': ['class', 'new'], 'PHP': ['class']}"
Online-Quiz-Platform,"{'JavaScript': 81171, 'HTML': 43008, 'PHP': 41218, 'CSS': 38577, 'Hack': 1387}",235,20,-0.23125,"{'Topic': 'Topic 1', 'Relevant Words': ['ajax']}, {'Topic': 'Topic 2', 'Relevant Words': ['ajax']}, {'Topic': 'Topic 3', 'Relevant Words': ['html', 'css']}","{'JavaScript': ['class'], 'PHP': ['class']}"
Online-Quiz-Platform,"{'JavaScript': 81171, 'HTML': 43008, 'PHP': 41218, 'CSS': 38577, 'Hack': 1387}",129,0,0.0,"{'Topic': 'Topic 1', 'Relevant Words': ['ajax']}, {'Topic': 'Topic 2', 'Relevant Words': ['ajax']}, {'Topic': 'Topic 3', 'Relevant Words': ['html', 'css']}","{'JavaScript': ['class'], 'PHP': ['class']}"
Online-Quiz-Platform,"{'JavaScript': 81171, 'HTML': 43008, 'PHP': 41218, 'CSS': 38577, 'Hack': 1387}",269,1,0.05,"{'Topic': 'Topic 1', 'Relevant Words': ['ajax']}, {'Topic': 'Topic 2', 'Relevant Words': ['ajax']}, {'Topic': 'Topic 3', 'Relevant Words': ['html', 'css']}","{'JavaScript': ['class'], 'PHP': ['class']}"
Online-Quiz-Platform,"{'JavaScript': 81171, 'HTML': 43008, 'PHP': 41218, 'CSS': 38577, 'Hack': 1387}",286,1,0.011600378787878785,"{'Topic': 'Topic 1', 'Relevant Words': ['ajax']}, {'Topic': 'Topic 2', 'Relevant Words': ['ajax']}, {'Topic': 'Topic 3', 'Relevant Words': ['html', 'css']}","{'JavaScript': ['class'], 'PHP': ['class']}"
Online-Quiz-Platform,"{'JavaScript': 81171, 'HTML': 43008, 'PHP': 41218, 'CSS': 38577, 'Hack': 1387}",102,0,0.0,"{'Topic': 'Topic 1', 'Relevant Words': ['ajax']}, {'Topic': 'Topic 2', 'Relevant Words': ['ajax']}, {'Topic': 'Topic 3', 'Relevant Words': ['html', 'css']}","{'JavaScript': ['class'], 'PHP': ['class']}"
Online-Quiz-Platform,"{'JavaScript': 81171, 'HTML': 43008, 'PHP': 41218, 'CSS': 38577, 'Hack': 1387}",314,1,0.2625,"{'Topic': 'Topic 1', 'Relevant Words': ['ajax']}, {'Topic': 'Topic 2', 'Relevant Words': ['ajax']}, {'Topic': 'Topic 3', 'Relevant Words': ['html', 'css']}","{'JavaScript': ['class'], 'PHP': ['class']}"
Online-Quiz-Platform,"{'JavaScript': 81171, 'HTML': 43008, 'PHP': 41218, 'CSS': 38577, 'Hack': 1387}",175,3,0.18333333333333335,"{'Topic': 'Topic 1', 'Relevant Words': ['ajax']}, {'Topic': 'Topic 2', 'Relevant Words': ['ajax']}, {'Topic': 'Topic 3', 'Relevant Words': ['html', 'css']}","{'JavaScript': ['class'], 'PHP': ['class']}"
Online-Quiz-Platform,"{'JavaScript': 81171, 'HTML': 43008, 'PHP': 41218, 'CSS': 38577, 'Hack': 1387}",161,1,-0.05555555555555555,"{'Topic': 'Topic 1', 'Relevant Words': ['ajax']}, {'Topic': 'Topic 2', 'Relevant Words': ['ajax']}, {'Topic': 'Topic 3', 'Relevant Words': ['html', 'css']}","{'JavaScript': ['class'], 'PHP': ['class']}"
Online-Quiz-Platform,"{'JavaScript': 81171, 'HTML': 43008, 'PHP': 41218, 'CSS': 38577, 'Hack': 1387}",11,4,-0.75,"{'Topic': 'Topic 1', 'Relevant Words': ['ajax']}, {'Topic': 'Topic 2', 'Relevant Words': ['ajax']}, {'Topic': 'Topic 3', 'Relevant Words': ['html', 'css']}","{'JavaScript': [], 'PHP': ['require']}"
Online-Quiz-Platform,"{'JavaScript': 81171, 'HTML': 43008, 'PHP': 41218, 'CSS': 38577, 'Hack': 1387}",89,3,0.25892857142857145,"{'Topic': 'Topic 1', 'Relevant Words': ['ajax']}, {'Topic': 'Topic 2', 'Relevant Words': ['ajax']}, {'Topic': 'Topic 3', 'Relevant Words': ['html', 'css']}","{'JavaScript': ['function', 'return', 'default'], 'PHP': ['static', 'function', 'public', 'isset']}"
Online-Quiz-Platform,"{'JavaScript': 81171, 'HTML': 43008, 'PHP': 41218, 'CSS': 38577, 'Hack': 1387}",111,7,-0.01000000000000002,"{'Topic': 'Topic 1', 'Relevant Words': ['ajax']}, {'Topic': 'Topic 2', 'Relevant Words': ['ajax']}, {'Topic': 'Topic 3', 'Relevant Words': ['html', 'css']}","{'JavaScript': ['return', 'function', 'class', 'try'], 'PHP': ['public', 'function', 'class']}"
Online-Quiz-Platform,"{'JavaScript': 81171, 'HTML': 43008, 'PHP': 41218, 'CSS': 38577, 'Hack': 1387}",107,9,0.03409090909090909,"{'Topic': 'Topic 1', 'Relevant Words': ['ajax']}, {'Topic': 'Topic 2', 'Relevant Words': ['ajax']}, {'Topic': 'Topic 3', 'Relevant Words': ['html', 'css']}","{'JavaScript': ['function', 'return', 'try', 'throw'], 'PHP': ['function', 'protected', 'private', 'public']}"
Online-Quiz-Platform,"{'JavaScript': 81171, 'HTML': 43008, 'PHP': 41218, 'CSS': 38577, 'Hack': 1387}",297,36,0.06999999999999999,"{'Topic': 'Topic 1', 'Relevant Words': ['ajax']}, {'Topic': 'Topic 2', 'Relevant Words': ['ajax']}, {'Topic': 'Topic 3', 'Relevant Words': ['html', 'css']}","{'JavaScript': ['function'], 'PHP': ['function', 'public']}"
Online-Quiz-Platform,"{'JavaScript': 81171, 'HTML': 43008, 'PHP': 41218, 'CSS': 38577, 'Hack': 1387}",308,20,-0.1230769230769231,"{'Topic': 'Topic 1', 'Relevant Words': ['ajax']}, {'Topic': 'Topic 2', 'Relevant Words': ['ajax']}, {'Topic': 'Topic 3', 'Relevant Words': ['html', 'css']}","{'JavaScript': ['function', 'return'], 'PHP': ['function', 'public']}"
Online-Quiz-Platform,"{'JavaScript': 81171, 'HTML': 43008, 'PHP': 41218, 'CSS': 38577, 'Hack': 1387}",288,21,-0.00833333333333335,"{'Topic': 'Topic 1', 'Relevant Words': ['ajax']}, {'Topic': 'Topic 2', 'Relevant Words': ['ajax']}, {'Topic': 'Topic 3', 'Relevant Words': ['html', 'css']}","{'JavaScript': ['return', 'function'], 'PHP': ['public', 'function']}"
Online-Quiz-Platform,"{'JavaScript': 81171, 'HTML': 43008, 'PHP': 41218, 'CSS': 38577, 'Hack': 1387}",51,7,0.0,"{'Topic': 'Topic 1', 'Relevant Words': ['ajax']}, {'Topic': 'Topic 2', 'Relevant Words': ['ajax']}, {'Topic': 'Topic 3', 'Relevant Words': ['html', 'css']}","{'JavaScript': ['function'], 'PHP': ['require', 'function']}"
Online-Quiz-Platform,"{'JavaScript': 81171, 'HTML': 43008, 'PHP': 41218, 'CSS': 38577, 'Hack': 1387}",46,4,0.25,"{'Topic': 'Topic 1', 'Relevant Words': ['ajax']}, {'Topic': 'Topic 2', 'Relevant Words': ['ajax']}, {'Topic': 'Topic 3', 'Relevant Words': ['html', 'css']}","{'JavaScript': [], 'PHP': []}"
Online-Quiz-Platform,"{'JavaScript': 81171, 'HTML': 43008, 'PHP': 41218, 'CSS': 38577, 'Hack': 1387}",115,12,-0.1625,"{'Topic': 'Topic 1', 'Relevant Words': ['ajax']}, {'Topic': 'Topic 2', 'Relevant Words': ['ajax']}, {'Topic': 'Topic 3', 'Relevant Words': ['html', 'css']}","{'JavaScript': [], 'PHP': []}"
Online-Quiz-Platform,"{'JavaScript': 81171, 'HTML': 43008, 'PHP': 41218, 'CSS': 38577, 'Hack': 1387}",212,50,-0.2,"{'Topic': 'Topic 1', 'Relevant Words': ['ajax']}, {'Topic': 'Topic 2', 'Relevant Words': ['ajax']}, {'Topic': 'Topic 3', 'Relevant Words': ['html', 'css']}","{'JavaScript': ['var', 'function'], 'PHP': ['function']}"
Online-Quiz-Platform,"{'JavaScript': 81171, 'HTML': 43008, 'PHP': 41218, 'CSS': 38577, 'Hack': 1387}",17877,28162,-0.06394430695622057,"{'Topic': 'Topic 1', 'Relevant Words': ['ajax']}, {'Topic': 'Topic 2', 'Relevant Words': ['ajax']}, {'Topic': 'Topic 3', 'Relevant Words': ['html', 'css']}","{'JavaScript': ['function', 'return', 'var', 'default', 'new', 'throw'], 'PHP': ['function']}"
Online-Quiz-Platform,"{'JavaScript': 81171, 'HTML': 43008, 'PHP': 41218, 'CSS': 38577, 'Hack': 1387}",7294,8684,-0.03148172935889739,"{'Topic': 'Topic 1', 'Relevant Words': ['ajax']}, {'Topic': 'Topic 2', 'Relevant Words': ['ajax']}, {'Topic': 'Topic 3', 'Relevant Words': ['html', 'css']}","{'JavaScript': ['function', 'return', 'var', 'new', 'default', 'throw'], 'PHP': ['function']}"
Online-Quiz-Platform,"{'JavaScript': 81171, 'HTML': 43008, 'PHP': 41218, 'CSS': 38577, 'Hack': 1387}",4052,5995,0.030184331797235016,"{'Topic': 'Topic 1', 'Relevant Words': ['ajax']}, {'Topic': 'Topic 2', 'Relevant Words': ['ajax']}, {'Topic': 'Topic 3', 'Relevant Words': ['html', 'css']}","{'JavaScript': [], 'PHP': []}"
Online-Quiz-Platform,"{'JavaScript': 81171, 'HTML': 43008, 'PHP': 41218, 'CSS': 38577, 'Hack': 1387}",11748,12512,-0.012789380506625998,"{'Topic': 'Topic 1', 'Relevant Words': ['ajax']}, {'Topic': 'Topic 2', 'Relevant Words': ['ajax']}, {'Topic': 'Topic 3', 'Relevant Words': ['html', 'css']}","{'JavaScript': ['var', 'function', 'return', 'default'], 'PHP': ['function']}"
Online-Quiz-Platform,"{'JavaScript': 81171, 'HTML': 43008, 'PHP': 41218, 'CSS': 38577, 'Hack': 1387}",49,37,0.0,"{'Topic': 'Topic 1', 'Relevant Words': ['ajax']}, {'Topic': 'Topic 2', 'Relevant Words': ['ajax']}, {'Topic': 'Topic 3', 'Relevant Words': ['html', 'css']}","{'JavaScript': [], 'PHP': ['require']}"
Online-Quiz-Platform,"{'JavaScript': 81171, 'HTML': 43008, 'PHP': 41218, 'CSS': 38577, 'Hack': 1387}",344,18,0.157206937799043,"{'Topic': 'Topic 1', 'Relevant Words': ['ajax']}, {'Topic': 'Topic 2', 'Relevant Words': ['ajax']}, {'Topic': 'Topic 3', 'Relevant Words': ['html', 'css']}","{'JavaScript': ['function'], 'PHP': ['function']}"
Online-Quiz-Platform,"{'JavaScript': 81171, 'HTML': 43008, 'PHP': 41218, 'CSS': 38577, 'Hack': 1387}",292,15,0.035770750988142294,"{'Topic': 'Topic 1', 'Relevant Words': ['ajax']}, {'Topic': 'Topic 2', 'Relevant Words': ['ajax']}, {'Topic': 'Topic 3', 'Relevant Words': ['html', 'css']}","{'JavaScript': ['function', 'new'], 'PHP': ['function']}"
Online-Quiz-Platform,"{'JavaScript': 81171, 'HTML': 43008, 'PHP': 41218, 'CSS': 38577, 'Hack': 1387}",270,12,-0.005050505050505052,"{'Topic': 'Topic 1', 'Relevant Words': ['ajax']}, {'Topic': 'Topic 2', 'Relevant Words': ['ajax']}, {'Topic': 'Topic 3', 'Relevant Words': ['html', 'css']}","{'JavaScript': ['new', 'function'], 'PHP': ['function']}"
Online-Quiz-Platform,"{'JavaScript': 81171, 'HTML': 43008, 'PHP': 41218, 'CSS': 38577, 'Hack': 1387}",583,18,0.04933481152993348,"{'Topic': 'Topic 1', 'Relevant Words': ['ajax']}, {'Topic': 'Topic 2', 'Relevant Words': ['ajax']}, {'Topic': 'Topic 3', 'Relevant Words': ['html', 'css']}","{'JavaScript': ['function'], 'PHP': ['function']}"
Online-Quiz-Platform,"{'JavaScript': 81171, 'HTML': 43008, 'PHP': 41218, 'CSS': 38577, 'Hack': 1387}",208,5,0.10808080808080807,"{'Topic': 'Topic 1', 'Relevant Words': ['ajax']}, {'Topic': 'Topic 2', 'Relevant Words': ['ajax']}, {'Topic': 'Topic 3', 'Relevant Words': ['html', 'css']}","{'JavaScript': ['return', 'function', 'new', 'class'], 'PHP': ['public', 'function', 'class']}"
Online-Quiz-Platform,"{'JavaScript': 81171, 'HTML': 43008, 'PHP': 41218, 'CSS': 38577, 'Hack': 1387}",43,5,0.022727272727272724,"{'Topic': 'Topic 1', 'Relevant Words': ['ajax']}, {'Topic': 'Topic 2', 'Relevant Words': ['ajax']}, {'Topic': 'Topic 3', 'Relevant Words': ['html', 'css']}","{'JavaScript': ['function', 'return', 'class', 'new'], 'PHP': ['public', 'function', 'class', 'private']}"
Online-Quiz-Platform,"{'JavaScript': 81171, 'HTML': 43008, 'PHP': 41218, 'CSS': 38577, 'Hack': 1387}",48,5,0.01948051948051948,"{'Topic': 'Topic 1', 'Relevant Words': ['ajax']}, {'Topic': 'Topic 2', 'Relevant Words': ['ajax']}, {'Topic': 'Topic 3', 'Relevant Words': ['html', 'css']}","{'JavaScript': ['function', 'return', 'class', 'new'], 'PHP': ['public', 'function', 'class', 'private']}"
Online-Quiz-Platform,"{'JavaScript': 81171, 'HTML': 43008, 'PHP': 41218, 'CSS': 38577, 'Hack': 1387}",71,5,0.013636363636363636,"{'Topic': 'Topic 1', 'Relevant Words': ['ajax']}, {'Topic': 'Topic 2', 'Relevant Words': ['ajax']}, {'Topic': 'Topic 3', 'Relevant Words': ['html', 'css']}","{'JavaScript': ['function', 'return', 'class', 'new'], 'PHP': ['public', 'function', 'class', 'private']}"
Online-Quiz-Platform,"{'JavaScript': 81171, 'HTML': 43008, 'PHP': 41218, 'CSS': 38577, 'Hack': 1387}",101,4,0.20909090909090908,"{'Topic': 'Topic 1', 'Relevant Words': ['ajax']}, {'Topic': 'Topic 2', 'Relevant Words': ['ajax']}, {'Topic': 'Topic 3', 'Relevant Words': ['html', 'css']}","{'JavaScript': ['new', 'return', 'try'], 'PHP': []}"
Online-Quiz-Platform,"{'JavaScript': 81171, 'HTML': 43008, 'PHP': 41218, 'CSS': 38577, 'Hack': 1387}",2,0,0.0,"{'Topic': 'Topic 1', 'Relevant Words': ['ajax']}, {'Topic': 'Topic 2', 'Relevant Words': ['ajax']}, {'Topic': 'Topic 3', 'Relevant Words': ['html', 'css']}","{'JavaScript': [], 'PHP': []}"
Shell-project,"{'C': 18935, 'Makefile': 326}",25,0,-0.75,,"{'C': [], 'Makefile': ['gcc']}"
Shell-project,"{'C': 18935, 'Makefile': 326}",58,2,-0.3875,,"{'C': [], 'Makefile': []}"
Shell-project,"{'C': 18935, 'Makefile': 326}",15,6,-0.475,,"{'C': [], 'Makefile': []}"
Shell-project,"{'C': 18935, 'Makefile': 326}",42,2,-0.3625,,"{'C': [], 'Makefile': ['build', 'make', 'gcc']}"
Shell-project,"{'C': 18935, 'Makefile': 326}",18,1,0.0,,"{'C': ['null', 'void', 'int'], 'Makefile': []}"
Shell-project,"{'C': 18935, 'Makefile': 326}",321,46,0.1125,,"{'C': ['printf', 'int', 'return', 'null', 'char', 'float'], 'Makefile': []}"
Shell-project,"{'C': 18935, 'Makefile': 326}",12,0,0.25,,"{'C': ['int', 'char'], 'Makefile': []}"
Shell-project,"{'C': 18935, 'Makefile': 326}",41,1,-0.061111111111111116,,"{'C': [], 'Makefile': []}"
Shell-project,"{'C': 18935, 'Makefile': 326}",965,45,-0.11438802083333334,,"{'C': ['printf', 'strcmp'], 'Makefile': []}"
Shell-project,"{'C': 18935, 'Makefile': 326}",5,0,0.25,,"{'C': ['int', 'char'], 'Makefile': []}"
Shell-project,"{'C': 18935, 'Makefile': 326}",182,5,0.0,,"{'C': ['int', 'null', 'char', 'sizeof', 'fopen', 'printf', 'fclose', 'return', 'void'], 'Makefile': []}"
Shell-project,"{'C': 18935, 'Makefile': 326}",9,0,0.25,,"{'C': ['int', 'char', 'void'], 'Makefile': []}"
Shell-project,"{'C': 18935, 'Makefile': 326}",236,14,0.2027777777777778,,"{'C': ['int', 'strcmp', 'return', 'char', 'printf', 'exit'], 'Makefile': ['run']}"
Shell-project,"{'C': 18935, 'Makefile': 326}",8,0,0.16666666666666666,,"{'C': ['int', 'char'], 'Makefile': ['run']}"
Shell-project,"{'C': 18935, 'Makefile': 326}",399,13,0.10519480519480519,,"{'C': ['int', 'char', 'return', 'printf', 'null', 'strlen'], 'Makefile': []}"
Shell-project,"{'C': 18935, 'Makefile': 326}",22,3,0.25,,"{'C': ['char', 'int', 'void'], 'Makefile': []}"
SVVT-project,{'Java': 47316},17,1,0.0,"{'Topic': 'Topic 3', 'Relevant Words': ['testing', 'github', 'page', 'accessibility']}",{'Java': []}
SVVT-project,{'Java': 47316},55,1,0.10555555555555553,"{'Topic': 'Topic 3', 'Relevant Words': ['testing', 'github', 'page', 'accessibility']}",{'Java': ['class']}
SVVT-project,{'Java': 47316},29,1,0.35,"{'Topic': 'Topic 3', 'Relevant Words': ['testing', 'github', 'page', 'accessibility']}",{'Java': ['default']}
SVVT-project,{'Java': 47316},439,84,-0.1500000000000003,"{'Topic': 'Topic 3', 'Relevant Words': ['testing', 'github', 'page', 'accessibility']}","{'Java': ['default', 'class']}"
SVVT-project,{'Java': 47316},13,1,0.0,"{'Topic': 'Topic 3', 'Relevant Words': ['testing', 'github', 'page', 'accessibility']}",{'Java': []}
SVVT-project,{'Java': 47316},41,48,0.0,"{'Topic': 'Topic 3', 'Relevant Words': ['testing', 'github', 'page', 'accessibility']}",{'Java': ['junit']}
SVVT-project,{'Java': 47316},116,59,0.008409090909090894,"{'Topic': 'Topic 3', 'Relevant Words': ['testing', 'github', 'page', 'accessibility']}","{'Java': ['import', 'void', 'junit', 'protected', 'static']}"
SVVT-project,{'Java': 47316},129,31,0.0,"{'Topic': 'Topic 3', 'Relevant Words': ['testing', 'github', 'page', 'accessibility']}","{'Java': ['public', 'private', 'final', 'void', 'import']}"
SVVT-project,{'Java': 47316},92,22,0.0,"{'Topic': 'Topic 3', 'Relevant Words': ['testing', 'github', 'page', 'accessibility']}","{'Java': ['public', 'private', 'final', 'void', 'import']}"
SVVT-project,{'Java': 47316},122,43,0.0,"{'Topic': 'Topic 3', 'Relevant Words': ['testing', 'github', 'page', 'accessibility']}","{'Java': ['public', 'private', 'final', 'void', 'import', 'class']}"
SVVT-project,{'Java': 47316},171,39,0.004545454545454545,"{'Topic': 'Topic 3', 'Relevant Words': ['testing', 'github', 'page', 'accessibility']}","{'Java': ['public', 'private', 'final', 'void', 'return', 'import']}"
SVVT-project,{'Java': 47316},74,20,0.0,"{'Topic': 'Topic 3', 'Relevant Words': ['testing', 'github', 'page', 'accessibility']}","{'Java': ['public', 'final', 'private', 'void', 'import']}"
SVVT-project,{'Java': 47316},40,16,0.0,"{'Topic': 'Topic 3', 'Relevant Words': ['testing', 'github', 'page', 'accessibility']}","{'Java': ['public', 'import', 'final', 'private', 'return', 'void', 'package']}"
SVVT-project,{'Java': 47316},155,69,0.13020833333333334,"{'Topic': 'Topic 3', 'Relevant Words': ['testing', 'github', 'page', 'accessibility']}","{'Java': ['import', 'public']}"
SVVT-project,{'Java': 47316},127,34,0.05727272727272725,"{'Topic': 'Topic 3', 'Relevant Words': ['testing', 'github', 'page', 'accessibility']}","{'Java': ['void', 'import', 'private', 'public', 'junit']}"
SVVT-project,{'Java': 47316},120,41,0.10863636363636361,"{'Topic': 'Topic 3', 'Relevant Words': ['testing', 'github', 'page', 'accessibility']}","{'Java': ['import', 'public', 'void', 'junit']}"
SVVT-project,{'Java': 47316},283,94,0.06030655391120507,"{'Topic': 'Topic 3', 'Relevant Words': ['testing', 'github', 'page', 'accessibility']}","{'Java': ['import', 'public', 'private', 'void', 'static', 'final']}"
SVVT-project,{'Java': 47316},122,44,-0.026737967914438512,"{'Topic': 'Topic 3', 'Relevant Words': ['testing', 'github', 'page', 'accessibility']}","{'Java': ['import', 'public', 'void', 'static', 'junit']}"
SVVT-project,{'Java': 47316},127,32,-0.125,"{'Topic': 'Topic 3', 'Relevant Words': ['testing', 'github', 'page', 'accessibility']}","{'Java': ['import', 'public', 'void', 'junit']}"
SVVT-project,{'Java': 47316},242,64,0.14335664335664342,"{'Topic': 'Topic 3', 'Relevant Words': ['testing', 'github', 'page', 'accessibility']}","{'Java': ['import', 'private', 'static', 'final', 'void', 'public']}"
SVVT-project,{'Java': 47316},166,60,0.13771043771043767,"{'Topic': 'Topic 3', 'Relevant Words': ['testing', 'github', 'page', 'accessibility']}","{'Java': ['import', 'static', 'private', 'final', 'public']}"
SVVT-project,{'Java': 47316},296,102,0.12087320574162681,"{'Topic': 'Topic 3', 'Relevant Words': ['testing', 'github', 'page', 'accessibility']}","{'Java': ['import', 'private', 'void', 'static', 'final', 'junit']}"
SVVT-project,{'Java': 47316},246,96,0.09569377990430618,"{'Topic': 'Topic 3', 'Relevant Words': ['testing', 'github', 'page', 'accessibility']}",{'Java': ['import']}
SVVT-project,{'Java': 47316},93,22,0.022727272727272728,"{'Topic': 'Topic 3', 'Relevant Words': ['testing', 'github', 'page', 'accessibility']}","{'Java': ['public', 'void', 'import', 'static', 'private']}"
SVVT-project,{'Java': 47316},130,72,0.057692307692307696,"{'Topic': 'Topic 3', 'Relevant Words': ['testing', 'github', 'page', 'accessibility']}","{'Java': ['import', 'public', 'junit', 'static', 'void']}"
SVVT-project,{'Java': 47316},125,64,0.14171122994652405,"{'Topic': 'Topic 3', 'Relevant Words': ['testing', 'github', 'page', 'accessibility']}","{'Java': ['import', 'static', 'final', 'private', 'public']}"
SVVT-project,{'Java': 47316},107,26,0.08333333333333333,"{'Topic': 'Topic 3', 'Relevant Words': ['testing', 'github', 'page', 'accessibility']}","{'Java': ['public', 'void', 'import', 'junit']}"
SVVT-project,{'Java': 47316},161,47,0.13636363636363635,"{'Topic': 'Topic 3', 'Relevant Words': ['testing', 'github', 'page', 'accessibility']}","{'Java': ['import', 'private', 'static', 'final', 'void', 'public']}"
SVVT-project,{'Java': 47316},59,14,0.06363636363636363,"{'Topic': 'Topic 3', 'Relevant Words': ['testing', 'github', 'page', 'accessibility']}","{'Java': ['static', 'public', 'class', 'import', 'package', 'private', 'return', 'try']}"
